Actidiographium	Actidiographium Lar.N. Vassiljeva, Mikol. Fitopatol. 34 (6): 4 (2000) [MB#28476]	28476	Lar.N. Vassiljeva	2000	Legitimate
Actidiographium orientale	Actidiographium orientale Lar.N. Vassiljeva, Mikol. Fitopatol. 34 (6): 5 (2000) [MB#474886]	474886	Lar.N. Vassiljeva	2000	Legitimate
Amarenographium	Amarenographium O.E. Erikss., Mycotaxon 15: 199 (1982) [MB#7113]	7113	O.E. Erikss.	1982	Legitimate
Amarenographium ammophilae	Amarenographium ammophilae Wanas., Camporesi, Wijayaw. & K.D. Hyde, Fungal Diversity 77: 35 (2016) [MB#551944]	551944	Wanas., Camporesi, Wijayaw. & K.D. Hyde	2016	Legitimate
Amarenographium ammophilicola	Septoriella ammophilicola (Dayar., E.B.G. Jones & K.D. Hyde) Wanas. & Maharachch., J. Fungi 9 (8, no. 853): 22 (2023) [MB#849361]	556581	Dayar., E.B.G. Jones & K.D. Hyde	2020	Legitimate
Amarenographium metableticum	Amarenographium metableticum (Trail) O.E. Erikss., Mycotaxon 15: 199 (1982) [MB#109558]	109558	(Trail) O.E. Erikss.	1982	Legitimate
Amarenographium sinense	Amarenographium sinense Joanne E. Taylor, K.D. Hyde & E.B.G. Jones, Fungal Diversity Res. Ser. 12: 245 (2003) [MB#500260]	500260	Joanne E. Taylor, K.D. Hyde & E.B.G. Jones	2003	Legitimate
Amarenographium solium	Amarenographium solium Abdel-Wahab, Hodhod, Bahkali & K.D. Hyde, Cryptog. Mycol. 33 (3): 289 (2012) [MB#800681]	800681	Abdel-Wahab, Hodhod, Bahkali & K.D. Hyde	2012	Legitimate
Arthrographium	Arthrobotryum Ces., Hedwigia: post p. 26, t. 4:1 (1854) [MB#7218]	7223	Ces.	1854	Orthographic variant
Camarographium	Camarographium Bubák, Ber. Deutsch. Bot. Ges. 34: 306 (1916) [MB#7473]	7473	Bubák	1916	Legitimate
Camarographium abietis	Myxocyclus cenangioides (Ellis & Rothr.) Petr., Ann. Mycol. 25: 305 (1927) [MB#260226]	250419	(M. Wilson & R.B. Anderson) Grove	1937	Legitimate
Camarographium atriplicis	Camarographium atriplicis Golovin, Trudy Sredneaz. Univ. 14 (5): 43 (1950) [MB#293959]	293959	Golovin	1950	Legitimate
Camarographium carpini	Neocamarographium carpini (Melnik, Crous & Verkley) Crous, Fungal Syst. Evol. 10: 58 (2022) [MB#844295]	560014	Melnik, Crous & Verkley	2011	Legitimate
Camarographium clematidis	Camarographium clematidis Wijayaw., Camporesi, McKenzie & K.D. Hyde: 71 (2016) [MB#551767]	551767	Wijayaw., Camporesi, McKenzie & K.D. Hyde	2016	Legitimate
Camarographium fructicola	Camarographium fructicola Frolov, Novosti Sist. Nizsh. Rast. 5: 188 (1968) [MB#327338]	327338	Frolov	1968	Legitimate
Camarographium indicum	Camarographium indicum S.S. Kelkar, V.G. Rao, A. Pande & V.P. Bhide, Curr. Sci. 55 (20): 1041 (1986) [MB#130110]	130110	S.S. Kelkar, V.G. Rao, A. Pande & V.P. Bhide	1986	Legitimate
Camarographium koreanum	Paracamarographium koreanum (Verkley, Melnik & Crous) Crous, Fungal Syst. Evol. 10: 67 (2022) [MB#844302]	500190	Verkley, Melnik & Crous	2005	Legitimate
Camarographium metableticum	Amarenographium metableticum (Trail) O.E. Erikss., Mycotaxon 15: 199 (1982) [MB#109558]	253307	(Trail) Grove	1937	Legitimate
Camarographium stephensii	Camarographium stephensii (Berk. & Broome) Bubák, Ber. Deutsch. Bot. Ges. 34: 306 (1916) [MB#174286]	174286	(Berk. & Broome) Bubák	1916	Legitimate
Cladographium	Cladographium Peyronel, Nuovo Giorn. Bot. Ital. 25: 439 (1918) [MB#7676]	7676	Peyronel	1918	Legitimate
Cladographium rivulorum	Cladographium rivulorum Peyronel, Nuovo Giorn. Bot. Ital. 25: 439 (1918) [MB#176845]	176845	Peyronel	1918	Legitimate
Coelographium	Coelographium (Sacc.) Gäum., Bulletin du Jardin Botanique de Buitenzorg, 3 Série: 13 (1920) [MB#7723]	7723	(Sacc.) Gäum.	1920	Legitimate
Coelographium aurantiacum	Coelographium aurantiacum Gäum.: 13 (1920) [MB#250874]	250874	Gäum.	1920	Legitimate
Coelographium caviceps	Graphium cavipes (Oudem.) Sacc., Syll. Fung. 4: 619 (1886) [MB#213853]	258196	(Oudem.) Gäum.	1920	Orthographic variant
Coelographium cavipes	Graphium cavipes (Oudem.) Sacc., Syll. Fung. 4: 619 (1886) [MB#213853]	251336	(Oudem.) Gäum.	1920	Legitimate
Dendrographium	Dendrographium Massee, Grevillea 21 (97): 5 (1892) [MB#7943]	7943	Massee	1892	Legitimate
Dendrographium atrum	Dendrographium atrum Massee, Grevillea 21 (97): 5 (1892) [MB#207788]	207788	Massee	1892	Legitimate
Dendrographium bambusae	Dendrographium bambusae Sawada, Rep. Dept. Agric. Gov. Res. Inst. Formosa 85: 129 (1943) [MB#286040]	286040	Sawada	1943	Legitimate
Dendrographium calycoptericola	Dendrographium calycoptericola Patw. & A.K. Pande (1970) [MB#260401]	260401	Patw. & A.K. Pande	1970	Orthographic variant
Dendrographium calycopteridicola	Dendrographium calycoptericola Patw. & A.K. Pande (1970) [MB#260401]	312822	Patw. & A.K. Pande	1970	Legitimate
Dendrographium indicum	Dendrographium indicum Sathe, Mycopathol. Mycol. Appl. 31 (3-4): 242 (1967) [MB#329763]	329763	Sathe	1967	Legitimate
Dendrographium interseminatum	Dendrographium interseminatum Subram., J. Indian Bot. Soc. 35 (4): 473 (1956) [MB#296524]	296524	Subram.	1956	Legitimate
Dendrographium kamatii	Dendrographium kamatii V.G. Rao, Curr. Sci. 32 (10): 474 (1963) [MB#329764]	329764	V.G. Rao	1963	Legitimate
Dendrographium lucknowense	Dendrographium lucknowense R.N. Ghosh, N.C. Pathak & M.S. Singh, Norweg. J. Bot. 24 (2): 79 (1977) [MB#312823]	312823	R.N. Ghosh, N.C. Pathak & M.S. Singh	1977	Legitimate
Dendrographium mitteri	Dendrographium mitteri Syd., Ann. Mycol. 31 (1-2): 96 (1933) [MB#271426]	271426	Syd.	1933	Legitimate
Dendrographium multiseptatum	Dendrographium multiseptatum L.G. Ma & J.S. Qi, Mycotaxon 134 (4): 634 (2020) [MB#832847]	832847	L.G. Ma & J.S. Qi	2020	Legitimate
Dennisographium	Dennisographium Rifai, Kew Bull. 31 (3): 726 (1977) [MB#7955]	7955	Rifai	1977	Legitimate
Dennisographium episphaeriae	Dennisographium episphaeriae Rifai, Kew Bull. 31 (3): 726 (1977) [MB#312855]	312855	Rifai	1977	Legitimate
Dennisographium ustulinae	Dennisographium ustulinae (Pat.) Seifert, Stud. Mycol. 27: 209 (1985) [MB#104188]	104188	(Pat.) Seifert	1985	Legitimate
Graphium	Graphium Corda, Icones fungorum hucusque cognitorum 1: 18 (1837) [MB#8398]	8398	Corda	1837	Legitimate
Graphium adansoniae	Graphium adansoniae Cruywagen, Z.W. de Beer & Jol. Roux, Persoonia 25: 67 (2010) [MB#518674]	518674	Cruywagen, Z.W. de Beer & Jol. Roux	2010	Legitimate
Graphium adustum	Graphium adustum Grosmann: 95 (1930) [MB#567635]	567635	Grosmann	1930	Legitimate
Graphium aeruginosum	Stilbum aeruginosum Desm., Ann. Sci. Nat., Bot. 19: 435, t. 18: 1 (1830) [MB#176268]	207203	(Desm.) Sacc.	1886	Legitimate
Graphium ailanthi	Graphium ailanthi (Ranoj. & Bubák) Sacc., Syll. Fung. 22: 1448 (1913) [MB#207367]	207367	(Ranoj. & Bubák) Sacc.	1913	Legitimate
Graphium albiziae	Isaria albiziae Pat. (?) [MB#207351]	102310	(Pat.) Pat.	1903	Legitimate
Graphium albonigrescens	Graphium albonigrescens Lindau, Rabenhorst's Kryptogamen-Flora, Pilze - Fungi imperfecti 1(9): 362 (1908) [MB#214583]	214583	Lindau	1908	Legitimate
Graphium album	Graphium album (Corda) Sacc., Syll. Fung. 4: 618 (1886) [MB#214866]	214866	(Corda) Sacc.	1886	Legitimate
Graphium altissimum	Graphium altissimum Strasser, Verh. Zool.-Bot. Ges. Wien 73: 233 (1924) [MB#214875]	214875	Strasser	1924	Legitimate
Graphium ambrosiigerum	Graphium ambrosiigerum Hedgc. (1906) [MB#214643]	214643	Hedgc.	1906	Legitimate
Graphium angamosense	Graphium angamosense Matsush., Matsushima Mycol. Mem. 8: 21 (1995) [MB#413133]	413133	Matsush.	1995	Legitimate
Graphium anomalum	Stilbum anomalum Berk., Mag. Zool. Bot. 1: 49 (1837) [MB#154044]	214936	(Berk.) Sacc.	1886	Legitimate
Graphium anomalum	Graphium anomalum Massee, Bull. Misc. Inform. Kew 1908: 218 (1908) [MB#214843]	214843	Massee	1908	Illegitimate
Graphium aphthosae	Graphium aphthosae Alstrup & D. Hawksw., Meddel. Grønland, Biosci. 31: 37 (1990) [MB#125565]	125565	Alstrup & D. Hawksw.	1990	Legitimate
Graphium aquaticum	Graphium aquaticum Hyang B. Lee, Mycobiology 53 (3): 323 (2025) [MB#903142]	903142	Hyang B. Lee	2025	Legitimate
Graphium aspergilloides	Papilionospora aspergilloides (Speg.) V. Rao & B. Sutton, Kavaka 3: 23 (1976) [MB#319155]	202988	Speg.	1879	Legitimate
Graphium aterrimum	Stilbocrea aterrima (Welw. & Curr.) Seifert, CBS Biodiversity Series 12: 302 (2013) [MB#801094]	202916	(Welw. & Curr.) Sacc.	1886	Legitimate
Graphium atrovirens	Graphium atrovirens Speg. (?) [MB#202731]	202731	Speg.		Legitimate
Graphium atrovirens	Graphium atrovirens Hedgc., Annual Rep. Missouri Bot. Gard. 17: 94 (1906) [MB#203047]	203047	Hedgc.	1906	Legitimate
Graphium atrum	Phaeostilbella atra (Desm.) Höhn., Ber. Deutsch. Bot. Ges. 37: 153 (1919) [MB#257689]	203033	Desm.	1848	Legitimate
Graphium aureum	Graphium aureum Hedgc. (1906) [MB#212408]	212408	Hedgc.	1906	Legitimate
Graphium bambusae	Helotium bambusae Höhn., Ergebnisse der Botanischen Expedition der Kaiserlichen Akademie der Wissenschaften nach Süd-Brasilien 1901. II. Band. Thallophyta und Bryophyta. Eumycetes et Myxomycetes: 33 (1907) [MB#231736]	208496	(Höhn.) Sacc.	1913	Legitimate
Graphium basitruncatum	Stilbum basitruncatum Matsush., Microfungi of the Solomon Islands and Papua-New Guinea: 62 (1971) [MB#324204]	464792	(Matsush.) Seifert & G. Okada	2000	Legitimate
Graphium berkeleyi	Graphium berkeleyi Mont., Ann. Sci. Nat., Bot. 8: 303 (1857) [MB#208881]	208881	Mont.	1857	Legitimate
Graphium bicolor	Stilbum bicolor Pers., Synopsis methodica fungorum: 682 (1801) [MB#169734]	213458	(Pers.) Sacc.	1886	Legitimate
Graphium bolivarii	Graphium bolivarii Riofrio (1929) [MB#213616]	213616	Riofrio	1929	Legitimate
Graphium brachiatum	Graphium brachiatum Jankow. & Gumulak, Mycologia 115 (3): 369 (2023) [MB#844907]	844907	Jankow. & Gumulak	2023	Legitimate
Graphium bulbicola	Graphium bulbicola Henn., Hedwigia 44: 177 (1905) [MB#213532]	213532	Henn.	1905	Legitimate
Graphium caliciiforme	Graphium caliciiforme Maire, Bull. Soc. Mycol. France 46: 243 (1930) [MB#259368]	259368	Maire	1930	Legitimate
Graphium calicioides	Graphium calicioides (Fr.) Cooke & Massee, Grevillea 16 (77): 11 (1887) [MB#213689]	213689	(Fr.) Cooke & Massee	1887	Legitimate
Graphium carbonarium	Graphium carbonarium Paciura, Z.W. de Beer, X.D. Zhou & M.J. Wingf., Fungal Diversity 40 (1): 85 (2010) [MB#512644]	512644	Paciura, Z.W. de Beer, X.D. Zhou & M.J. Wingf.	2010	Legitimate
Graphium cartwrightii	Pachnocybe ferruginea Berk., The English Flora 5 (2): 334 (1836) [MB#120454]	286744	J.F.H. Beyma	1939	Legitimate
Graphium cavipes	Graphium cavipes (Oudem.) Sacc., Syll. Fung. 4: 619 (1886) [MB#213853]	213853	(Oudem.) Sacc.	1886	Legitimate
Graphium ceratostomoides	Graphium ceratostomoides Speg., Anales Soc. Ci. Argent. 10 (4): 165 (1880) [MB#213747]	213747	Speg.	1880	Legitimate
Graphium chlorocephalum	Sporocybe chlorocephala Speg., Anales Soc. Ci. Argent. 13 (1): 31 (1882) [MB#185583]	151639	(Speg.) Sacc.	1886	Legitimate
Graphium cicadicola	Graphium cicadicola Speg., Anales Mus. Nac. Hist. Nat. Buenos Aires ser. 3, 13: 446 (1911) [MB#151953]	151953	Speg.	1911	Legitimate
Graphium cinerellum	Graphium cinerellum Speg., Die Pilze des Weinstockes: 55 (1878) [MB#152113]	152113	Speg.	1878	Legitimate
Graphium clavaeforme	Graphium clavaeforme Preuss, Linnaea 24: 133 (1851) [MB#165562]	165562	Preuss	1851	Legitimate
Graphium claviforme	Graphium clavaeforme Preuss, Linnaea 24: 133 (1851) [MB#165562]	493769	Preuss	1851	Orthographic variant
Graphium clavisporum	Pseudocercospora vitis (Lév.) Speg., Anales Mus. Nac. Hist. Nat. Buenos Aires ser. 3, 13: 438 (1911) [MB#187930]	164935	Berk. & Cooke	1875	Legitimate
Graphium clavula	Stilbum clavula Berk. & Broome, J. Linn. Soc., Bot. 14 (73 & 74): 97 (1875) [MB#157313]	165150	(Berk. & Broome) Sacc.	1886	Legitimate
Graphium clavulatum	Gracilistilbella clavulata (Mont.) Seifert, Stud. Mycol. 45: 18 (2000) [MB#464784]	164539	(Mont.) Sacc.	1886	Legitimate
Graphium coffeae	Graphium coffeae Zimm., Centralbl. Bakteriol. Parasitenk. 7: 145 (1901) [MB#164029]	164029	Zimm.	1901	Legitimate
Graphium comatrichoides	Graphium comatrichoides Massee & E.S. Salmon, Coproph. fungi: 88 (1902) [MB#164400]	164400	Massee & E.S. Salmon	1902	Legitimate
Graphium coralloides	Graphium coralloides (Berk. & M.A. Curtis) Höhn.: 894 (1909) [MB#567633]	567633	(Berk. & M.A. Curtis) Höhn.	1909	Legitimate
Graphium coryneoides	Gracilistilbella clavulata (Mont.) Seifert, Stud. Mycol. 45: 18 (2000) [MB#464784]	175782	(Ellis & Everh.) Sacc.	1886	Legitimate
Graphium cuneiferum	Parascedosporium putredinis (Corda) Lackner & de Hoog, IMA Fungus 2 (1): 44 (2011) [MB#519652]	297962	(Berk. & Broome) E.W. Mason & M.B. Ellis	1953	Legitimate
Graphium curtisii	Stilbocrea aterrima (Welw. & Curr.) Seifert, CBS Biodiversity Series 12: 302 (2013) [MB#801094]	507773	Sacc.	1886	Legitimate
Graphium curvulum	Graphium curvulum Berk. & Broome, J. Linn. Soc., Bot. 14 (73 & 74): 100 (1875) [MB#175884]	175884	Berk. & Broome	1875	Legitimate
Graphium cylindricum	Graphium cylindricum Petch, Ann. Roy. Bot. Gard. (Peradeniya) 9 (3): 327 (1925) [MB#176073]	176073	Petch	1925	Legitimate
Graphium desmazieri	Graphium desmazieri Sacc.: tab. 394 (1878) [MB#154350]	154350	Sacc.	1878	Legitimate
Graphium dubautiae	Graphium dubautiae F. Stevens & Weedon, Bull. Bern. Bishop Mus. 19: 159 (1925) [MB#154290]	154290	F. Stevens & Weedon	1925	Legitimate
Graphium dulcamarae	Graphium dulcamarae Sacc., Mem. Mat. Fis. Soc. Ital. Sci. Modena: 364 (1908) [MB#168735]	168735	Sacc.	1908	Legitimate
Graphium dulcamarae	Graphium fissum var. dulcamarae Sacc., Syll. Fung. 4: 610 (1886) [MB#179890]	154909	(Sacc.) Lindau	1908	Legitimate
Graphium erubescens	Leptographium erubescens (Math.-Käärik) M.L. Yin, Z.W. de Beer & M.J. Wingf., MycoKeys 60: 105 (2019) [MB#823577]	297963	Math.-Käärik	1953	Legitimate
Graphium eumorphum	Graphium eumorphum (Sacc.) Sacc., Syll. Fung. 4: 611 (1886) [MB#168567]	168567	(Sacc.) Sacc.	1886	Legitimate
Graphium euwallaceae	Graphium euwallaceae Twizeyimana, S.C. Lynch & Eskalen, Mycologia 108 (2): 322 (2016) [MB#813074]	813074	Twizeyimana, S.C. Lynch & Eskalen	2016	Legitimate
Graphium explicatum	Graphium explicatum Berk. & M.A. Curtis, Grevillea 3 (27): 101 (1875) [MB#157802]	157802	Berk. & M.A. Curtis	1875	Legitimate
Graphium fabiforme	Graphium fabiforme Cruywagen & Z.W. de Beer, Persoonia 25: 69 (2010) [MB#518678]	518678	Cruywagen & Z.W. de Beer	2010	Legitimate
Graphium fasciculatum	Graphium fasciculatum Sacc., Mycoth. Ven. Cent. VIII: no. 739 (1876) [MB#158386]	158386	Sacc.	1876	Legitimate
Graphium fifilense	Graphium fifilense Sacc. (1917) [MB#567145]	567145	Sacc.	1917	Orthographic variant
Graphium fifilensis	Graphium fifilensis Sacc., Atti Mem. Reale Accad. Sci. Lett. Arti, Padova 33: 194 (1917) [MB#158213]	158213	Sacc.	1917	Legitimate
Graphium filfilense	Graphium filfilensis Sacc.: 194 (1917) [MB#567144]	810564	Sacc.	1917	Legitimate
Graphium filfilensis	Graphium filfilensis Sacc.: 194 (1917) [MB#567144]	567144	Sacc.	1917	Legitimate
Graphium fimbriasporum	Graphium fimbriasporum (M. Morelet) K. Jacobs, Kirisits & M.J. Wingf., Mycologia 95 (4): 719 (2003) [MB#488913]	488913	(M. Morelet) K. Jacobs, Kirisits & M.J. Wingf.	2003	Legitimate
Graphium fimbriisporum	Graphium fimbriasporum (M. Morelet) K. Jacobs, Kirisits & M.J. Wingf., Mycologia 95 (4): 719 (2003) [MB#488913]	309054	(M. Morelet) K. Jacobs, Kirisits & M.J. Wingf.	2006	Orthographic variant
Graphium fissum	Graphium fissum Preuss, Linnaea 24: 133 (1851) [MB#158307]	158307	Preuss	1851	Legitimate
Graphium fissum subsp. clavulatum	Graphium fissum subsp. clavulatum Sacc., Ann. Mycol. 10 (3): 321 (1912) [MB#503948]	503948	Sacc.	1912	Legitimate
Graphium fissum subsp. fissum	Graphium fissum subsp. fissum (?) [MB#520950]	520950			Legitimate
Graphium fissum var. dulcamarae	Graphium fissum var. dulcamarae Sacc., Syll. Fung. 4: 610 (1886) [MB#179890]	179890	Sacc.	1886	Legitimate
Graphium fissum var. fissum	Graphium fissum var. fissum (?) [MB#423281]	423281			Legitimate
Graphium flavovirens	Periconia flavovirens Alb. & Schwein., Conspectus Fungorum in Lusatiae superioris: 357, t. 4:7 (1805) [MB#139988]	189883	(Alb. & Schwein.) Sacc.	1886	Legitimate
Graphium flexuosum	Graphium flexuosum (Massee) Sacc., Syll. Fung. 4: 611 (1886) [MB#189611]	189611	(Massee) Sacc.	1886	Legitimate
Graphium fragrans	Graphium fragrans Math.-Käärik, J. Anat. Physiol. Norm. Pathol. Homme Anim. Paris: 60 (1954) [MB#297964]	297964	Math.-Käärik	1954	Legitimate
Graphium fructicola	Graphium fructicola Marchal & É.J. Marchal, Bull. Soc. Roy. Bot. Belgique: 26 (1921) [MB#185379]	185379	Marchal & É.J. Marchal	1921	Legitimate
Graphium fuegianum	Graphium fuegianum Speg., Bol. Acad. Nac. Ci. 11 (2): 307 (1888) [MB#185264]	185264	Speg.	1888	Legitimate
Graphium geranii	Phacellium geranii (Voglino) U. Braun, Nova Hedwigia 56 (3-4): 437 (1993) [MB#360621]	186850	Voglino	1904	Legitimate
Graphium giganteum	Holwaya mucida (Schulzer) Korf & Abawi, Canad. J. Bot. 49 (11): 1880 (1971) [MB#315225]	186932	(Peck) Sacc.	1886	Legitimate
Graphium giganteum	Graphium giganteum Speg., Anales Soc. Ci. Argent. 22 (4): 219 (1886) [MB#186824]	186824	Speg.	1886	Illegitimate
Graphium glaucocephalum	Periconia glaucocephala Corda, Icones fungorum hucusque cognitorum 3: 13, t. 2:37 (1839) [MB#250383]	184176	(Corda) Sacc.	1886	Legitimate
Graphium glaucum	Graphium glaucum Preuss, Linnaea 24: 133 (1851) [MB#183888]	183888	Preuss	1851	Legitimate
Graphium glaucum subsp. glaucum	Graphium glaucum subsp. glaucum (?) [MB#423546]	423546			Legitimate
Graphium glaucum subsp. umbellatarum	Graphium glaucum subsp. umbellatarum Ces. (?) [MB#192458]	192458	Ces.		Legitimate
Graphium gordoniae	Graphium gordoniae Sawada, Special Publ. Coll. Agric. Natl. Taiwan Univ. 8: 233 (1959) [MB#331511]	331511	Sawada	1959	Legitimate
Graphium gracile	Graphium gracile Peck, Rep. (Annual) New York State Mus. Nat. Hist. 34: 50 (1883) [MB#192656]	192656	Peck	1883	Legitimate
Graphium graminum	Cephalotrichum microsporum (Sacc.) P.M. Kirk, Kew Bull. 38 (4): 578 (1984) [MB#106662]	192295	Cooke & Massee	1887	Legitimate
Graphium griseum	Cephalotrichum purpureofuscum (Schwein.) S. Hughes, Canad. J. Bot. 36 (6): 744 (1958) [MB#294131]	192558	(Berk.) Sacc.	1886	Legitimate
Graphium grovei	Phaeoisaria clavulata (Grove) E.W. Mason & S. Hughes, Mycol. Pap. 56: 42 (1953) [MB#282810]	192506	Sacc.	1886	Legitimate
Graphium guttuliferum	Graphium guttuliferum Pidopl., Mykrobiol. Zh. Kiev 9 (2-3): 57 (1948) [MB#440932]	440932	Pidopl.	1948	Legitimate
Graphium hamamelidis	Graphium hamamelidis J.M. Hook, Proc. Indiana Acad. Sci.: 231 (1926) [MB#266788]	266788	J.M. Hook	1926	Legitimate
Graphium hendersonulae	Graphium hendersonulae Chevaug., Encycl. Mycol. 28: 87 (1956) [MB#297965]	297965	Chevaug.	1956	Legitimate
Graphium hippotrichoides	Nematographium hippotrichoides (Lind) Goid., Ann. Bot. (Rome) 21 (1): 46 (1935) [MB#230599]	192736	(Lindau) Sacc.	1913	Legitimate
Graphium indicum	Gracilistilbella clavulata (Mont.) Seifert, Stud. Mycol. 45: 18 (2000) [MB#464784]	111500	Chouhan & Panwar	1981	Legitimate
Graphium irradians	Graphium irradians Petr., Sydowia 4 (1-6): 577 (1950) [MB#297966]	297966	Petr.	1950	Legitimate
Graphium jumulu	Graphium jumulu P.A. Barber & Crous, Persoonia 34: 191 (2015) [MB#812434]	812434	P.A. Barber & Crous	2015	Legitimate
Graphium klebahni	Graphium klebahnii Oudem., Arch. Néerl. Sci. Exact. Nat. 7: 295 (1902) [MB#534777]	192374	Oudem.	1902	Orthographic variant
Graphium klebahnii	Graphium klebahnii Oudem., Arch. Néerl. Sci. Exact. Nat. 7: 295 (1902) [MB#534777]	534777	Oudem.	1902	Legitimate
Graphium kubanicum	Graphium kubanicum Shcherb.-Parf., Rakovye i sosudistye bolezni listvennykh porod: 51 (1953) [MB#129280]	129280	Shcherb.-Parf.	1953	Invalid
Graphium kuroshio	Graphium kuroshio F. Na, J.D. Carrillo & Eskalen, Pl. Dis. 102 (6): 1160 (2018) [MB#858609]	858609	F. Na, J.D. Carrillo & Eskalen	2018	Legitimate
Graphium kuroshium	Graphium kuroshio F. Na, J.D. Carrillo & Eskalen, Pl. Dis. 102 (6): 1160 (2018) [MB#858609]	821908	F. Na, J.D. Carrillo & Eskalen	2018	Orthographic variant
Graphium laricis	Graphium laricis K. Jacobs, Kirisits & M.J. Wingf., Mycologia 95 (4): 721 (2003) [MB#489203]	489203	K. Jacobs, Kirisits & M.J. Wingf.	2003	Legitimate
Graphium laxum	Pseudocercospora griseola (Sacc.) Crous & U. Braun, Stud. Mycol. 55: 168 (2006) [MB#500855]	192615	Ellis	1881	Legitimate
Graphium leguminum	Graphium leguminum Cooke (?) [MB#180085]	180085	Cooke		Legitimate
Graphium lesnei	Parascedosporium putredinis (Corda) Lackner & de Hoog, IMA Fungus 2 (1): 44 (2011) [MB#519652]	253001	(Vuill.) Castell. & Chalm.	1919	Legitimate
Graphium lesnei	Parascedosporium putredinis (Corda) Lackner & de Hoog, IMA Fungus 2 (1): 44 (2011) [MB#519652]	119190	(Vuill.) E.W. Mason	1937	Legitimate
Graphium leucocephalum	Cephalotrichum purpureofuscum (Schwein.) S. Hughes, Canad. J. Bot. 36 (6): 744 (1958) [MB#294131]	180210	(Wallr.) Sacc.	1886	Legitimate
Graphium leucophaeum	Nematographium leucophlaeum (Sacc.) Goid., Ann. Bot. (Rome) 21 (1): 46 (1935) [MB#231538]	188507	Penz. & Sacc.	1902	Legitimate
Graphium ligulariae	Phacellium ligulariae (Săvul. & Sandu) U. Braun, Nova Hedwigia 56 (3-4): 437 (1993) [MB#357791]	269433	Săvul. & Sandu	1935	Legitimate
Graphium linderae	Bitunicostilbe linderae (Ellis & Everh.) M. Morelet, Bull. Soc. Sci. Nat. Archéol. Toulon & Var 195: 7 (1971) [MB#309583]	188823	Ellis & Everh.	1885	Legitimate
Graphium longistipitatum	Graphium longistipitatum Jankow. & Gumulak, Mycologia 115 (3): 368 (2023) [MB#844906]	844906	Jankow. & Gumulak	2023	Legitimate
Graphium macrocarpum	Sterigmatobotrys macrocarpus (Corda) S. Hughes, Canad. J. Bot. 36 (6): 814 (1958) [MB#626987]	188866	Corda	1839	Legitimate
Graphium macrocarpum	Sterigmatobotrys macrocarpus (Corda) S. Hughes, Canad. J. Bot. 36 (6): 814 (1958) [MB#626987]	188746	Sacc.	1873	Illegitimate
Graphium madagascariense	Graphium madagascariense Cruywagen & Z.W. de Beer, Persoonia 25: 69 (2010) [MB#518676]	518676	Cruywagen & Z.W. de Beer	2010	Legitimate
Graphium magnum	Graphium giganteum Speg., Anales Soc. Ci. Argent. 22 (4): 219 (1886) [MB#186824]	207545	Sacc. & P. Syd.	1899	Legitimate
Graphium malorum	Gliomastix murorum (Corda) S. Hughes, Canad. J. Bot. 36 (6): 769 (1958) [MB#297829]	270434	Kidd & Beaumont	1924	Legitimate
Graphium melanotes	Stilbella melanotes Syd., Hedwigia 49: 84 (1910) [MB#176633]	207510	(Syd.) Sacc.	1913	Legitimate
Graphium minutellum	Graphium minutellum Pidopl., Mykrobiol. Zh. Kiev 9 (2-3): 58 (1948) [MB#440933]	440933	Pidopl.	1948	Legitimate
Graphium nanum	Cephalotrichum nanum (Ehrenb.) S. Hughes, Canad. J. Bot. 36 (6): 744 (1958) [MB#294129]	214729	(Ehrh.) Sacc.	1886	Legitimate
Graphium nigrum	Phaeostilbella nigra (Sacc.) Seifert, CBS Biodiversity Series 12: 307 (2013) [MB#801092]	214797	Sacc.	1886	Legitimate
Graphium nodulosum	Graphium nodulosum Marchal & É.J. Marchal (1894) [MB#214620]	214620	Marchal & É.J. Marchal	1894	Legitimate
Graphium obsoletum	Stilbum graphiodeum Berk. & Broome, J. Linn. Soc., Bot. 14 (73 & 74): 97 (1875) [MB#166250]	202671	Sacc.	1886	Illegitimate
Graphium pallescens	Ramularia episphaeria (Desm.) Gunnerb., Svensk Bot. Tidskr. 61: 129 (1967) [MB#338210]	202975	(Fuckel) Magnus	1905	Legitimate
Graphium paradoxum	Graphium paradoxum Sacc. & Trotter, Bull. Soc. Roy. Bot. Belgique 38: 166 (1899) [MB#202708]	202708	Sacc. & Trotter	1899	Legitimate
Graphium paspali	Graphium paspali Cif. & Vegni, Rivista di Patologia Vegetale, Pavia: 209 (1963) [MB#331514]	331514	Cif. & Vegni	1963	Legitimate
Graphium passerinii	Graphium subulatum Pass. & Beltrani, Atti della Reale Accademia dei Lincei. Transunti Ser. 3, 7 (1): 39 (1882) [MB#212335]	212438	Sacc.	1886	Illegitimate
Graphium pelitnopsis	Stilbum pelitnopus Corda, Icones fungorum hucusque cognitorum 3: 13, t. 2:42 (1839) [MB#243748]	507563	(Corda) Sacc.	1886	Orthographic variant
Graphium pelitnopus	Stilbum pelitnopus Corda, Icones fungorum hucusque cognitorum 3: 13, t. 2:42 (1839) [MB#243748]	212570	(Corda) Sacc.	1886	Legitimate
Graphium penicillioides	Graphium penicillioides Corda, Icones fungorum hucusque cognitorum 1: 18, tab. 5, fig. 251 (1837) [MB#212211]	212211	Corda	1837	Legitimate
Graphium penicillioides var. penicillioides	Graphium penicillioides var. penicillioides (?) [MB#419839]	419839			Legitimate
Graphium penicillioides var. ungeri	Graphium penicillioides var. ungeri Sacc., Syll. Fung. 4: 610 (1886) [MB#137384]	137384	Sacc.	1886	Legitimate
Graphium perpusillum	Cephalotrichum purpureofuscum (Schwein.) S. Hughes, Canad. J. Bot. 36 (6): 744 (1958) [MB#294131]	212498	Sacc. & Traverso	1910	Illegitimate
Graphium phycomyces	Scopularia phycomyces (Auersw.) Goid., Boll. Staz. Patol. veg. Roma: 1 (1936) [MB#253955]	208653	(Auersw.) Sacc.	1886	Legitimate
Graphium phyllogenum	Graphiothecium phyllogenum (Desm.) Sacc., Michelia 2 (8): 644 (1882) [MB#207279]	208562	Desm.	1851	Legitimate
Graphium piliforme	Stilbum piliforme Pers., Ann. Bot. (Usteri) 11: 31 (1794) [MB#228770]	208473	(Pers.) Sacc.	1886	Legitimate
Graphium pirinum	Pesotum piceae J.L. Crane & Schokn., Amer. J. Bot. 60: 348 (1973) [MB#319410]	491591	Goid.	1935	Orthographic variant
Graphium pistillare	Stilbum pistillare Lév., Ann. Sci. Nat., Bot. 3: 68 (1845) [MB#228451]	208806	(Lév.) Sacc.	1886	Legitimate
Graphium pistillarioides	Cephalotrichum microsporum (Sacc.) P.M. Kirk, Kew Bull. 38 (4): 578 (1984) [MB#106662]	213784	Speg.	1896	Legitimate
Graphium polonicum	Graphium polonicum Jankow. & Gumulak, Mycologia 115 (3): 367 (2023) [MB#844905]	844905	Jankow. & Gumulak	2023	Legitimate
Graphium pruinosipes	Stilbella flavipes (Peck) Seifert, Stud. Mycol. 27: 68 (1985) [MB#104799]	213428	(Peck) Sacc.	1886	Legitimate
Graphium pseudormiticum	Graphium pseudormiticum M. Mouton & M.J. Wingf., Mycol. Res. 98 (11): 1273 (1994) [MB#362602]	362602	M. Mouton & M.J. Wingf.	1994	Legitimate
Graphium pubescens	Phaeoisariopsis pubescens (Cooke & Ellis) M.B. Ellis, More dematiaceous Hyphomycetes: 234 (1976) [MB#319602]	204979	Cooke & Ellis	1877	Legitimate
Graphium pusillum	Cephalotrichum purpureofuscum (Schwein.) S. Hughes, Canad. J. Bot. 36 (6): 744 (1958) [MB#294131]	204805	Sacc.	1908	Legitimate
Graphium putredinis	Parascedosporium putredinis (Corda) Lackner & de Hoog, IMA Fungus 2 (1): 44 (2011) [MB#519652]	297967	(Corda) S. Hughes	1958	Legitimate
Graphium pycnocephalum	Graphium pycnocephalum Grosmann: 94 (1930) [MB#567634]	567634	Grosmann	1930	Legitimate
Graphium pyrinum	Pesotum piceae J.L. Crane & Schokn., Amer. J. Bot. 60: 348 (1973) [MB#319410]	274592	Goid.	1935	Legitimate
Graphium radicatum	Graphium radicatum Jankow. & Gumulak, Mycologia 115 (3): 366 (2023) [MB#844904]	844904	Jankow. & Gumulak	2023	Legitimate
Graphium ramosum	Graphium ramosum Preuss, Klotzschii herbarium vivum mycologicum sistens fungorum per totam Germaniam crescentium collectionem perfectam. Editio prima. Centuria XIII: no. 1263 (1849) [MB#209892]	209892	Preuss	1849	Legitimate
Graphium rhizomorpharum	Pseudographiella rhizomorpharum (Ces.) Illman, Rogerson & G.P. White, Mycologia 77: 665 (1985) [MB#105728]	206407	(Ces.) Mont.	1856	Legitimate
Graphium rhizophilum	Graphium rhizophilum Pat. & Gaillard, Bull. Soc. Mycol. France 4 (3): 126 (1889) [MB#215153]	215153	Pat. & Gaillard	1889	Legitimate
Graphium rhodophaeum	Gracilistilbella clavulata (Mont.) Seifert, Stud. Mycol. 45: 18 (2000) [MB#464784]	215036	Sacc. & Trotter	1899	Legitimate
Graphium rhodophaeum var. elatius	Gracilistilbella clavulata (Mont.) Seifert, Stud. Mycol. 45: 18 (2000) [MB#464784]	137570	Sacc.	1911	Legitimate
Graphium rhodophaeum var. rhodophaeum	Graphium rhodophaeum var. rhodophaeum (?) [MB#420154]	420154			Legitimate
Graphium rigidum	Graphium rigidum (Pers.) Sacc., Syll. Fung. 4: 610 (1886) [MB#189596]	189596	(Pers.) Sacc.	1886	Legitimate
Graphium rivulorum	Cladographium rivulorum Peyronel, Nuovo Giorn. Bot. Ital. 25: 439 (1918) [MB#176845]	186884	(Peyronel) Goid.	1935	Legitimate
Graphium roboris	Graphium roboris Georgescu, Teodoru & Badea, Anal. Inst. Cerc. Exp. for.: 213 (1948) [MB#297968]	297968	Georgescu, Teodoru & Badea	1948	Legitimate
Graphium rubrum	Graphium rubrum Rumbold, Phytopathology 24 (3): 300 (1934) [MB#277004]	277004	Rumbold	1934	Legitimate
Graphium saccardoi	Nematographium saccardoi (Peyronel) Goid., Ann. Bot. (Rome) 21 (1): 46 (1935) [MB#217227]	186693	Peyronel	1913	Legitimate
Graphium sacchari	Graphium sacchari Speg., Revista Fac. Agron. Univ. Nac. La Plata 2 (19): 253 (1896) [MB#186837]	186837	Speg.	1896	Legitimate
Graphium samogiticum	Graphium samogiticum Motiejunaité & Alstrup, Nova Hedwigia 83 (1-2): 250 (2006) [MB#522371]	522371	Motiejunaité & Alstrup	2006	Legitimate
Graphium scolytodesis	Graphium scolytodesis M. Kolarik et J. Hulcr, Czech Mycol. 67: 32 (2015) [MB#811227]	811227	M. Kolarik et J. Hulcr	2015	Orthographic variant
Graphium scolytodis	Graphium scolytodis M. Kolarik et J. Hulcr, Czech Mycol. 67: 32 (2015) [MB#816004]	816004	M. Kolarik et J. Hulcr	2015	Legitimate
Graphium sect. Coelographium	Coelographium (Sacc.) Gäum., Bulletin du Jardin Botanique de Buitenzorg, 3 Série: 13 (1920) [MB#7723]	700206	Sacc.	1886	Legitimate
Graphium sect. Graphium	Graphium sect. Graphium Corda: 18 (1837) [MB#548913]	548913	Corda	1837	Legitimate
Graphium sessile	Phacellium sessile U. Braun, Nova Hedwigia 58 (1-2): 206 (1994) [MB#362432]	286745	Dearn. & House	1940	Invalid
Graphium silanum	Graphium silanum Goid., Boll. Staz. Patol. Veg. Roma 16 (4): 246 (1936) [MB#278125]	278125	Goid.	1936	Legitimate
Graphium simplex	Graphium simplex K. Jacobs & M.J. Wingf., Mycologia 89: 333 (1997) [MB#437127]	437127	K. Jacobs & M.J. Wingf.	1997	Legitimate
Graphium smaragdinum	Dendrostilbella smaragdina (Alb. & Schwein.) Seifert, Stud. Mycol. 45: 185 (2000) [MB#464795]	186263	(Alb. & Schwein.) Sacc.	1886	Legitimate
Graphium socium	Graphium socium Penz. & Sacc., Malpighia 11: 497 (1898) [MB#181262]	181262	Penz. & Sacc.	1898	Illegitimate
Graphium socium	Graphium socium Sacc., Syll. Fung. 4: 613 (1886) [MB#192357]	192357	Sacc.	1886	Legitimate
Graphium sorbi	Graphium sorbi House, Bull. New York State Mus. 219-220: 63 (1920) [MB#487050]	487050	House	1920	Illegitimate
Graphium sorbi	Phacellium sorbi (Peck) Spooner, Field Mycol. 9 (4): 122 (2008) [MB#657865]	181279	Peck	1887	Legitimate
Graphium sordidiceps	Graphium sordidiceps Fairm., Proc. Rochester Acad. Sci. 6: 124 (1922) [MB#278443]	278443	Fairm.	1922	Legitimate
Graphium squarrosum	Graphium squarrosum Ellis & Langl., J. Mycol. 6: 36 (1890) [MB#188811]	188811	Ellis & Langl.	1890	Legitimate
Graphium stercorarium	Graphium stercorarium Marchal, Bull. Soc. Roy. Bot. Belgique 34: 143 (1895) [MB#188730]	188730	Marchal	1895	Legitimate
Graphium stevensonii	Stilbum stevensonii Berk. & Broome, Ann. Mag. Nat. Hist. 1: 27 (1878) [MB#232130]	183094	(Berk. & Broome) Sacc.	1886	Legitimate
Graphium stilboideum	Nematographium stilboideum (Corda) Goid., Ann. Bot. (Rome) 21 (1): 46 (1935) [MB#217337]	183190	Corda	1838	Legitimate
Graphium strictum	Nematographium strictum (Preuss) Goid., Ann. Bot. (Rome) 21 (1): 46 (1935) [MB#217285]	183069	Preuss	1851	Legitimate
Graphium subinconspicuum	Graphium subinconspicuum Corda, Icones fungorum hucusque cognitorum 2: 16, t. 11:70 (1838) [MB#214597]	214597	Corda	1838	Legitimate
Graphium subtile	Graphium subtile Berl., Bull. Soc. Mycol. France 8: 112 (1892) [MB#214680]	214680	Berl.	1892	Legitimate
Graphium subtile var. fructicola	Graphium subtile var. fructicola Ferraris (?) [MB#136882]	136882	Ferraris		Legitimate
Graphium subtile var. subtile	Graphium subtile var. subtile (?) [MB#419439]	419439			Legitimate
Graphium subulatum	Cephalotrichum stemonitis (Pers.) Nees, Mag. Neuesten Entdeck. Gesammten Naturk. Ges. Naturf. Freunde Berlin 3 (1): 20 (1809) [MB#223989]	212445	(Nees & T. Nees) Sacc.	1886	Illegitimate
Graphium subulatum	Graphium subulatum Pass. & Beltrani, Atti della Reale Accademia dei Lincei. Transunti Ser. 3, 7 (1): 39 (1882) [MB#212335]	212335	Pass. & Beltrani	1882	Legitimate
Graphium tectonae	Parascedosporium putredinis (Corda) Lackner & de Hoog, IMA Fungus 2 (1): 44 (2011) [MB#519652]	331515	C. Booth	1964	Legitimate
Graphium tenuissimum	Haplographium tenuissimum (Corda) Grove (1885) [MB#221637]	207500	Corda	1837	Legitimate
Graphium terricola	Graphium terricola Manohar., P.Rag. Rao, Rehana & P.Rama Rao, Nova Hedwigia 26 (2-3): 474 (1975) [MB#314731]	314731	Manohar., P.Rag. Rao, Rehana & P.Rama Rao	1975	Legitimate
Graphium tjibodense	Graphium socium Penz. & Sacc., Malpighia 11: 497 (1898) [MB#181262]	207182	Sacc. & P. Syd.	1899	Legitimate
Graphium trifolii	Phacellium trifolii (Jaap) U. Braun, Nova Hedwigia 56 (3-4): 439 (1993) [MB#360623]	207405	Jaap	1911	Legitimate
Graphium trypophloei	Graphium trypophloei Jankow. & Gumulak, Mycologia 115 (3): 369 (2023) [MB#844908]	844908	Jankow. & Gumulak	2023	Legitimate
Graphium typhinum	Cephalotrichum stemonitis (Pers.) Nees, Mag. Neuesten Entdeck. Gesammten Naturk. Ges. Naturf. Freunde Berlin 3 (1): 20 (1809) [MB#223989]	213589	(Wallr.) Sacc.	1886	Legitimate
Graphium ulmi	Ophiostoma ulmi (Buisman) Nannf., Svenska Skogsvårdsforen. Tidskr. 32: 408 (1934) [MB#280983]	280982	M.B. Schwarz	1922	Legitimate
Graphium umbellatarum	Pyrenopeziza umbellatorum (Ces.) Rehm (1912) [MB#433658]	203888	Ces.	1853	Invalid
Graphium ungeri	Graphium ungeri Sacc. (?) [MB#203632]	203632	Sacc.		Legitimate
Graphium variabile	Graphium variabile J.J. Xu & T.Y. Zhang, Mycotaxon 129 (2): 398 (2015) [MB#807387]	807387	J.J. Xu & T.Y. Zhang	2015	Legitimate
Graphium verticillatum	Graphium verticillatum Speg., Anales Soc. Ci. Argent. 13 (1): 31 (1882) [MB#209931]	209931	Speg.	1882	Legitimate
Graphium verticillioides	Graphium verticillioides Speg., Anales Soc. Ci. Argent. 22 (4): 218 (1886) [MB#209686]	209686	Speg.	1886	Legitimate
Graphium volkartianum	Graphium volkartianum Magnus, Hedwigia 44: 375 (1905) [MB#208820]	208820	Magnus	1905	Legitimate
Graphium wuweiense	Graphium wuweiense J.H. Kong & T.Y. Zhang, Mycotaxon 129 (2): 399 (2015) [MB#807385]	807385	J.H. Kong & T.Y. Zhang	2015	Legitimate
Graphium xanthocephalum	Graphium xanthocephalum (Ditmar) Sacc., Syll. Fung. 4: 617 (1886) [MB#215167]	215167	(Ditmar) Sacc.	1886	Legitimate
Haplographium	Dematioscypha Svrček, Česká Mykol. 31 (4): 193 (1977) [MB#1449]	8437	Berk. & Broome	1859	Legitimate
Haplographium apiculatum	Gonatobotryum apiculatum (Peck) S. Hughes, Canad. J. Bot. 31 (5): 594 (1953) [MB#297939]	235256	Peck	1876	Legitimate
Haplographium atrobrunneum	Penicillium atrobrunneum Cooke, Grevillea 6 (40): 139 (1878) [MB#237748]	122011	(Cooke) Sacc.	1886	Legitimate
Haplographium atrofuscum	Schizocephalum atrofuscum Preuss, Linnaea 25: 77 (1852) [MB#213593]	218174	(Preuss) Sacc.	1886	Legitimate
Haplographium atrum	Haplographium atrum Beeli, Bull. Soc. Roy. Bot. Belgique 56: 68 (1924) [MB#217927]	217927	Beeli	1924	Legitimate
Haplographium bicolor	Lauriomyces catenatus (Preuss) R.F. Castañeda & W.B. Kendr., Univ. Waterloo, Biol. Ser. 32: 26 (1990) [MB#127692]	220498	Grove	1885	Legitimate
Haplographium caespitosum	Haplographium caespitosum Demelius, Verh. Zool.-Bot. Ges. Wien 72: 99 (1923) [MB#259303]	259303	Demelius	1923	Legitimate
Haplographium calophylli	Leptographium calophylli (Wiehe) J.F. Webber, K. Jacobs & M.J. Wingf., Mycol. Res. 103 (12): 1589 (1999) [MB#460868]	286845	Wiehe	1949	Legitimate
Haplographium capitulatum	Periconia capitulata Riess, Bot. Zeitung: 139 (1853) [MB#247261]	226690	(Riess) Sacc.	1886	Legitimate
Haplographium catenatum	Lauriomyces catenatus (Preuss) R.F. Castañeda & W.B. Kendr., Univ. Waterloo, Biol. Ser. 32: 26 (1990) [MB#127692]	314894	(Preuss) Hol.-Jech.	1973	Legitimate
Haplographium chartarum	Haplographium chartarum (Cooke) Sacc., Syll. Fung. 4: 305 (1886) [MB#227155]	227155	(Cooke) Sacc.	1886	Legitimate
Haplographium chlorocephalum	Graphiopsis chlorocephala (Fresen.) Trail, Scott. Naturalist 10: 75 (1889) [MB#180392]	227246	(Fresen.) Grove	1885	Legitimate
Haplographium chlorocephalum f. chlorocephalum	Haplographium chlorocephalum f. chlorocephalum (?) [MB#420684]	420684			Legitimate
Haplographium chlorocephalum f. minor	Graphiopsis chlorocephala (Fresen.) Trail, Scott. Naturalist 10: 75 (1889) [MB#180392]	138355	Sacc.	1878	Legitimate
Haplographium chlorocephalum subsp. chlorocephalum	Haplographium chlorocephalum subsp. chlorocephalum (?) [MB#521175]	521175			Legitimate
Haplographium chlorocephalum subsp. densum	Haplographium chlorocephalum subsp. densum Sacc., Ann. Mycol. 9 (3): 256 (1911) [MB#503949]	503949	Sacc.	1911	Legitimate
Haplographium chlorocephalum var. chlorocephalum	Haplographium chlorocephalum var. chlorocephalum (?) [MB#529095]	529095			Legitimate
Haplographium chlorocephalum var. ovalisporum	Haplographium chlorocephalum var. ovalisporum Ferraris, Fl. Ital. Cryptog., Hyphales: 875 (1914) [MB#506504]	506504	Ferraris	1914	Legitimate
Haplographium coccorum	Haplographium coccorum Petch, Trans. Brit. Mycol. Soc. 23 (2): 145 (1939) [MB#261230]	261230	Petch	1939	Legitimate
Haplographium debellae-marengoi	Haplographium debellae-marengoi Pollacci, Atti Ist. Bot. Lab. Crittog. Univ. Pavia 18: 125 (1921) [MB#262830]	262830	Pollacci	1921	Legitimate
Haplographium debellae-marengoi var. debellae-marengoi	Haplographium debellae-marengoi Pollacci, Atti Ist. Bot. Lab. Crittog. Univ. Pavia 18: 125 (1921) [MB#262830]	424926			Legitimate
Haplographium debellae-marengoi var. equinum	Exophiala equina (Pollacci) de Hoog, Vicente, Najafzadeh, Harrak, Badali & Seyedmousavi, Persoonia 27: 60 (2011) [MB#515717]	262831	Pollacci	1923	Legitimate
Haplographium debellae-marengoi var. pulmonale	Haplographium debellae-marengoi var. pulmonale Redaelli, I Miceti come associazione microbica nella Tubercolosi polmonare cavitaria: osservazioni micopatologiche, istpatologiche e sperimentali: 65 (1925) [MB#537216]	537216	Redaelli	1925	Legitimate
Haplographium debellamarengoi	Haplographium debellae-marengoi Pollacci, Atti Ist. Bot. Lab. Crittog. Univ. Pavia 18: 125 (1921) [MB#262830]	356107	Pollacci	1921	Orthographic variant
Haplographium debellamarengoi var. debellamarengoi	Haplographium debellamarengoi var. debellamarengoi (?) [MB#424150]	424150			Legitimate
Haplographium debellamarengoi var. pulmonale	Haplographium debellae-marengoi var. pulmonale Redaelli, I Miceti come associazione microbica nella Tubercolosi polmonare cavitaria: osservazioni micopatologiche, istpatologiche e sperimentali: 65 (1925) [MB#537216]	251756	Redaelli	1925	Orthographic variant
Haplographium delicatum	Dematioscypha delicata (Berk. & Broome) Hosoya, IMA Fungus 5 (1): 98 (2014) [MB#808800]	438421	Berk. & Broome	1859	Legitimate
Haplographium densum	Haplographium densum Sacc. (?) [MB#220355]	220355	Sacc.		Legitimate
Haplographium echinatum	Memnoniella echinata (Rivolta) Galloway, Trans. Brit. Mycol. Soc. 18 (2): 165 (1933) [MB#263706]	220413	(Rivolta) Sacc.	1886	Legitimate
Haplographium finitimum	Penicillium finitimum Preuss, Klotzschii herbarium vivum mycologicum sistens fungorum per totam Germaniam crescentium collectionem perfectam. Editio prima. Centuria XIII: no. 1280 (1849) [MB#224012]	229658	(Preuss) Sacc.	1886	Legitimate
Haplographium finitimum f. finitimum	Haplographium finitimum f. finitimum (?) [MB#420814]	420814			Legitimate
Haplographium finitimum f. fructicola	Haplographium finitimum f. fructicola Höhn., Ber. Deutsch. Bot. Ges. 37: 160 (1919) [MB#138494]	138494	Höhn.	1919	Legitimate
Haplographium flexuosum	Penicillium flexuosum Preuss, Linnaea 24: 135 (1851) [MB#173204]	229594	(Preuss) Sacc.	1886	Legitimate
Haplographium fuligineum	Oidiodendron cereale (Thüm.) G.L. Barron, Canad. J. Bot. 40 (4): 594 (1962) [MB#317179]	265505	J.F.H. Beyma	1933	Legitimate
Haplographium fuscipes	Penicillium fuscipes Preuss, Linnaea 24: 136 (1851) [MB#152308]	229293	(Preuss) Sacc.	1886	Legitimate
Haplographium fuscipes var. fuscipes	Haplographium fuscipes var. fuscipes (?) [MB#429898]	429898			Legitimate
Haplographium fuscipes var. microsporum	Haplographium fuscipes var. microsporum Zhdanova, Mykrobiol. Zh. Kiev 28 (1): 38 (1966) [MB#353510]	353510	Zhdanova	1966	Legitimate
Haplographium graminum	Haplographium graminum Cooke & Massee, Grevillea 16 (79): 81 (1888) [MB#229101]	229101	Cooke & Massee	1888	Legitimate
Haplographium griseum	Haplographium griseum Ellis & Langl., J. Mycol. 4 (12): 124 (1888) [MB#216774]	216774	Ellis & Langl.	1888	Legitimate
Haplographium heliocephalum	Lauriomyces heliocephalus (V. Rao & de Hoog) R.F. Castañeda & W.B. Kendr., Univ. Waterloo, Biol. Ser. 32: 10 (1990) [MB#127693]	103417	V. Rao & de Hoog	1986	Legitimate
Haplographium hispidulum	Haplographium hispidulum Dobrescu & Volc., Analele Stiintifice de Universitatii 'Al. I. Cuza' din Iasi: 109 (1961) [MB#331690]	331690	Dobrescu & Volc.	1961	Legitimate
Haplographium hyalosporum	Haplographium hyalosporum C.G. Lin, K.D. Hyde & Jian K. Liu, Fungal Diversity 10.1007/s13225-025-00561-2: [135] (2025) [MB#903867]	903867	C.G. Lin, K.D. Hyde & Jian K. Liu	2025	Legitimate
Haplographium mangiferae	Haplographium mangiferae Deighton, Mycol. Pap. 117: 8 (1969) [MB#331691]	331691	Deighton	1969	Legitimate
Haplographium manihoticola	Periconia manihoticola (Vincens) Viégas, Bragantia 14: 63 (1955) [MB#335828]	216850	Vincens	1916	Legitimate
Haplographium musae	Brevistachys subsimplex (Cooke) L. Lombard & Crous, Persoonia 36: 185 (2016) [MB#815938]	331692	Sawada	1959	Legitimate
Haplographium olivaceum	Haplographium olivaceum Cooke & Massee, Grevillea 16 (77): 11 (1887) [MB#216694]	216694	Cooke & Massee	1887	Legitimate
Haplographium penicillatum	Dematium penicillatum Richon, Description et dessins de plantes cryptogames nouvelles: 10 (1879) [MB#219267]	222838	(Richon) Sacc.	1886	Legitimate
Haplographium penicillioides	Thysanophora penicillioides (Fautrey) W.B. Kendr., Canad. J. Bot. 39 (4): 820 (1961) [MB#340087]	531427	Fautrey	1890	Legitimate
Haplographium penicilloides	Thysanophora penicillioides (Fautrey) W.B. Kendr., Canad. J. Bot. 39 (4): 820 (1961) [MB#340087]	451819	Fautrey	1890	Orthographic variant
Haplographium portoricense	Periconiella portoricensis (F. Stevens & Dalbey) M.B. Ellis, Mycol. Pap. 111: 26 (1967) [MB#335861]	222775	F. Stevens & Dalbey	1919	Legitimate
Haplographium sacchari	Haplographium sacchari Speg., Revista Fac. Agron. Univ. Nac. La Plata 2 (19): 249 (1896) [MB#222900]	222900	Speg.	1896	Legitimate
Haplographium saponis	Penicillium saponis Berk. & Broome, Ann. Mag. Nat. Hist. 7: 130 (1881) [MB#210874]	223078	(Berk. & Broome) Sacc.	1886	Legitimate
Haplographium smilacis	Haplographium smilacis Dearn. & House, Circ. New York State Mus. 24: 57 (1940) [MB#286846]	286846	Dearn. & House	1940	Legitimate
Haplographium tandonii	Haplographium tandonii Mitter, Ann. Mycol. 35 (3-4): 226 (1937) [MB#121732]	121732	Mitter	1937	Legitimate
Haplographium tenuissimum	Haplographium tenuissimum (Corda) Grove (1885) [MB#221637]	221637	(Corda) Grove	1885	Legitimate
Haplographium toruloides	Periconia toruloides Fresen., Beiträge zur Mykologie 2: 73 (1852) [MB#245371]	221569	(Fresen.) Sacc.	1886	Legitimate
Haplographium ventricosum	Lauriomyces ventricosus (R.F. Castañeda) R.F. Castañeda & W.B. Kendr., Univ. Waterloo, Biol. Ser. 32: 26 (1990) [MB#127694]	131680	(R.F. Castañeda) R.F. Castañeda	1987	Legitimate
Haplographium yerbae	Haplographium yerbae Speg., Anales Mus. Nac. Hist. Nat. Buenos Aires 17: 139 (1908) [MB#221621]	221621	Speg.	1908	Legitimate
Harpographium	Harpographium Sacc., Michelia 2 (6): 33 (1880) [MB#8453]	8453	Sacc.	1880	Legitimate
Harpographium citricola	Harpographium citricola Bat. & J.L. Bezerra, Publ. Inst. Micol. Recife 200: 20 (1962) [MB#331734]	331734	Bat. & J.L. Bezerra	1962	Legitimate
Harpographium congestum	Harpographium congestum (Berk. & Broome) Deighton, Trans. Brit. Mycol. Soc. 62 (2): 251 (1974) [MB#314935]	314935	(Berk. & Broome) Deighton	1974	Legitimate
Harpographium constrictum	Harpographium constrictum E.F. Morris, Amer. Midl. Naturalist 68 (2): 322 (1962) [MB#331735]	331735	E.F. Morris	1962	Legitimate
Harpographium corynelioides	Harpographium corynelioides Cooke & Massee (1888) [MB#141592]	141592	Cooke & Massee	1888	Legitimate
Harpographium cristatum	Gyalideopsis cristata (Nyl.) Lücking, Sérus. & Vězda, Lichenologist 37 (2): 164 (2005) [MB#344735]	141407	(Nyl.) Sacc.	1886	Legitimate
Harpographium fasciculatum	Graphium fasciculatum Sacc., Mycoth. Ven. Cent. VIII: no. 739 (1876) [MB#158386]	141536	(Sacc.) Sacc.	1880	Legitimate
Harpographium fasciculatum var. fasciculatum	Harpographium fasciculatum var. fasciculatum (?) [MB#421783]	421783			Legitimate
Harpographium fasciculatum var. hirsutum	Harpographium fasciculatum var. hirsutum Ferraris, Ann. Mycol. 7 (3): 281 (1909) [MB#141045]	141045	Ferraris	1909	Legitimate
Harpographium graminum	Harpographium graminum Cooke & Massee, Grevillea 16 (79): 81 (1888) [MB#242171]	242171	Cooke & Massee	1888	Legitimate
Harpographium hamatum	Harpographium hamatum Deighton, Trans. Brit. Mycol. Soc. 85 (4): 738 (1986) [MB#104301]	104301	Deighton	1986	Legitimate
Harpographium macrocarpum	Sterigmatobotrys macrocarpus (Corda) S. Hughes, Canad. J. Bot. 36 (6): 814 (1958) [MB#626987]	241945	(Corda) Sacc.	1886	Legitimate
Harpographium magnum	Harpographium magnum Sacc., Ann. Mycol. 13 (2): 121 (1915) [MB#241806]	241806	Sacc.	1915	Legitimate
Harpographium nematosporum	Harpographium nematosporum Penz. & Sacc., Malpighia 15 (7-9): 255 (1902) [MB#241606]	241606	Penz. & Sacc.	1902	Legitimate
Harpographium olivaceum	Atractium olivaceum J.C. Schmidt, Mykologische Hefte 1: 79 (1817) [MB#228120]	146289	(J.C. Schmidt) Sacc.	1886	Legitimate
Harpographium pallescens	Ramularia episphaeria (Desm.) Gunnerb., Svensk Bot. Tidskr. 61: 129 (1967) [MB#338210]	102427	(Fuckel) Magnus	1905	Legitimate
Harpographium paraguayense	Harpographium paraguayense Speg., Anales Mus. Nac. Hist. Nat. Buenos Aires 31: 444-445 [no. 260, reprint pages 92-93] (1922) [MB#200068]	200068	Speg.	1922	Legitimate
Harpographium quaternarium	Harpographium quaternarium Cooke & Massee, Grevillea 16 (77): 3 (1887) [MB#146371]	146371	Cooke & Massee	1887	Legitimate
Harpographium rhizomorpharum	Pseudographiella rhizomorpharum (Ces.) Illman, Rogerson & G.P. White, Mycologia 77: 665 (1985) [MB#105728]	146843	(Ces.) Sacc.	1886	Legitimate
Harpographium volkartianum	Harpographium volkartianum Magnus, Hedwigia 44: 372 (1905) [MB#146142]	146142	Magnus	1905	Legitimate
Harpographium yerbae	Harpographium yerbae Speg., Anales Mus. Nac. Hist. Nat. Buenos Aires 17: 141 (1908) [MB#146689]	146689	Speg.	1908	Legitimate
Harpographium zonatum	Harpographium zonatum Lentz, Mycopathol. Mycol. Appl. 32 (1): 22 (1967) [MB#331736]	331736	Lentz	1967	Legitimate
Hysterographium	Hysterographium Corda, Icones fungorum hucusque cognitorum 5: 34, 77 (1842) [MB#2468]	2468	Corda	1842	Legitimate
Hysterographium acaciae	Hysterographium acaciae Doidge, Bothalia 1 (4): 196 (1924) [MB#283492]	283492	Doidge	1924	Legitimate
Hysterographium acaciae	Hysterographium acaciae-catechu A. Pande, Ascomycetes of Peninsular India: 68 (2008) [MB#538031]	537483	Tilak, S.B. Kale & S.V.S. Kale	1971	Illegitimate
Hysterographium acaciae	Hysterographium acaciae R. Rao, Sydowia 25 (1-6): 56 (1972) [MB#537484]	537484	R. Rao	1972	Illegitimate
Hysterographium acaciae-catechu	Hysterographium acaciae-catechu A. Pande, Ascomycetes of Peninsular India: 68 (2008) [MB#538031]	538031	A. Pande	2008	Invalid
Hysterographium acaciae-catechueae	Hysterographium acaciae-catechu A. Pande, Ascomycetes of Peninsular India: 68 (2008) [MB#538031]	538461	A. Pande	2008	Orthographic variant
Hysterographium acerinum	Hysterium pulicare var. acerinum (Westend.) Sacc., Syll. Fung. 2: 744 (1883) [MB#162729]	162681	Westend.	1859	Legitimate
Hysterographium acerinum	Hysterographium acerinum Peck, Bull. New York State Mus. 167: 43 (1913) [MB#178967]	178967	Peck	1913	Illegitimate
Hysterographium affine	Hysterographium affine Pass. (?) [MB#179042]	179042	Pass.		Legitimate
Hysterographium andicola	Hysterographium andicola Speg., Anales Mus. Nac. Hist. Nat. Buenos Aires 23: 85 (1912) [MB#178346]	178346	Speg.	1912	Legitimate
Hysterographium angustatum		569554	(Schwein.) P. Karst.	1870	Legitimate
Hysterographium annonae	Hysterographium anonae Celotti (1887) [MB#266730]	178681	Celotti	1887	Legitimate
Hysterographium anonae	Hysterographium anonae Celotti (1887) [MB#266730]	266730	Celotti	1887	Orthographic variant
Hysterographium arctostaphyli	Hysterographium arctostaphyli Kauffman, Pap. Michigan Acad. Sci. 11: 158 (1930) [MB#257230]	257230	Kauffman	1930	Legitimate
Hysterographium artemesiae	Hysterographium artemisiae Pat., Exploration Scientifique de la Tunisie. Énumération des champignons observés en Tunisie: 16, pl. 1, fig. 5 (1892) [MB#810569]	178996	Pat.	1897	Orthographic variant
Hysterographium artemisiae	Hysterographium artemisiae Pat., Exploration Scientifique de la Tunisie. Énumération des champignons observés en Tunisie: 16, pl. 1, fig. 5 (1892) [MB#810569]	810569	Pat.	1892	Legitimate
Hysterographium australe	Hysterographium australe Speg., Anales Soc. Ci. Argent. 12 (4): 189 (1881) [MB#157559]	157559	Speg.	1881	Legitimate
Hysterographium awaradii	Hysterographium awaradii Tilak, S.B. Kale & S.V.S. Kale, Sydowia 24 (1-6): 90 (1971) [MB#315780]	315780	Tilak, S.B. Kale & S.V.S. Kale	1971	Legitimate
Hysterographium baccarinii	Hysterographium baccarinii Scalia, Atti Accad. Gioenia Sci. Nat. Catania 13: 36 (1900) [MB#502638]	502638	Scalia	1900	Legitimate
Hysterographium bakeri	Hysterographium bakeri Earle, Plantae Bakerianae 2 (1): 10 (1901) [MB#157259]	157259	Earle	1901	Legitimate
Hysterographium beccarianum	Hysterographium beccarianum Pass. (?) [MB#157092]	157092	Pass.		Legitimate
Hysterographium bonariense	Hysterographium bonariense Speg., Anales Soc. Ci. Argent. 12 (5): 208 [no. 194] (1881) [MB#157232]	157232	Speg.	1881	Legitimate
Hysterographium ceanothi	Hysterium ceanothi W. Phillips & Harkn. (?) [MB#216527]	157731	(W. Phillips & Harkn.) Berl. & Voglino	1886	Legitimate
Hysterographium cinerascens	Hysterographium cinerascens Schwein.: no. 2076 (1832) [MB#581548]	581548	Schwein.	1832	Legitimate
Hysterographium cisti	Gloniopsis decipiens var. cisti Rehm, Hedwigia 25 (4): 149 (1886) [MB#139052]	157010	(Rehm) Rehm	1887	Legitimate
Hysterographium cocos	Hysterographium cocos Weedon, Mycologia 18 (5): 218 (1926) [MB#157509]	157509	Weedon	1926	Legitimate
Hysterographium conigenum	Hysterographium conigenum Moug. & Nest. ex P. Karst.: 259 (1870) [MB#569556]	569556	Moug. & Nest. ex P. Karst.	1870	Legitimate
Hysterographium conjungens	Hysterographium conjungens P. Karst., Fungi Fenniae Exsiccati Cent. 9: no. 858 (1869) [MB#171870]	171870	P. Karst.	1869	Legitimate
Hysterographium cookeianum	Hysterographium cookeianum Gerard: 77 (1878) [MB#581388]	581388	Gerard	1878	Legitimate
Hysterographium cumingii	Hysterographium cumingii Speg., Revista Fac. Agron. Univ. Nac. La Plata 6 (1): 119 (1910) [MB#171700]	171700	Speg.	1910	Legitimate
Hysterographium curvatum	Hysterobrevium smilacis (Schwein.) E.W.A. Boehm & C.L. Schoch, Stud. Mycol. 64: 63 (2009) [MB#515336]	438514	(Fr.) Rehm	1887	Legitimate
Hysterographium cuyanum	Hysterographium cuyanum Speg., Anales Mus. Nac. Hist. Nat. Buenos Aires 23: 86 (1912) [MB#171963]	171963	Speg.	1912	Legitimate
Hysterographium cylindrosporum	Hysterographium cylindrosporum Rehm, Bih. Kongl. Svenska Vetensk.-Akad. Handl. 25 (6): 11 (1899) [MB#171256]	171256	Rehm	1899	Legitimate
Hysterographium dalbergiae	Hysterographium dalbergiae S. Ahmad, Sydowia 4 (1-6): 82 (1950) [MB#298859]	298859	S. Ahmad	1950	Legitimate
Hysterographium decipiens	Gloniopsis decipiens De Not., Giorn. Bot. Ital. 2 (7-8): 12, 23 (1847) [MB#145075]	582092	(De Not.) Rehm	1887	Legitimate
Hysterographium depressum	Hysterographium hiascens var. depressum G. Winter (?) [MB#138251]	298860	(G. Winter) Hansf.	1956	Legitimate
Hysterographium didymosporum	Hysterographium didymosporum Boonmee & K.D. Hyde, Mycosphere 9 (2): 342 (2018) [MB#554386]	554386	Boonmee & K.D. Hyde	2018	Legitimate
Hysterographium djakovense	Hysterium djakovense Schulzer, Rad Jugoslavenska Akademije Znanosti i Umjetnost 64: 177 (1882) [MB#625980]	171789	(Schulzer) Saccardo	1891	Legitimate
Hysterographium elasticae	Hysterographium elasticae Koord., Verh. Kon. Ned. Akad. Wetensch., Afd. Natuurk., Sect. 2 13 (4): 163 (1907) [MB#171900]	171900	Koord.	1907	Legitimate
Hysterographium elatinum	Loxospora elatina (Ach.) A. Massal., Ricerche sull'autonomia dei licheni crostosi: 138 (1852) [MB#395075]	581411	(Ach.) Ellis & Everh.	1892	Legitimate
Hysterographium elevatum	Rhytidhysteron hysterinum (Dufour) Samuels & E. Müll., Sydowia 32 (1-6): 286 (1980) [MB#116238]	171193	Desm.	1853	Illegitimate
Hysterographium elongatum	Hysterographium elongatum (Wahlenb.) Corda, Icones fungorum hucusque cognitorum 5: 77, t. 5:61 (1842) [MB#160385]	160385	(Wahlenb.) Corda	1842	Legitimate
Hysterographium elongatum	Hysterium elongatum Duby, Mém. Soc. Phys. Hist. Nat. Genève 16 (1): 41 (1862) [MB#146292]	160737	(Duby) Mussat	1900	Invalid
Hysterographium elongatum var. aceris	Hysterographium elongatum var. aceris P. Karst. (?) [MB#160802]	160802	P. Karst.		Legitimate
Hysterographium elongatum var. elongatum	Hysterographium elongatum var. elongatum (?) [MB#422451]	422451			Legitimate
Hysterographium elongatum var. orobicum	Hysterographium elongatum var. orobicum Rota-Rossi (?) [MB#161285]	161285	Rota-Rossi		Legitimate
Hysterographium eupatorii	Glonium eupatorii (Lasch) Sacc., Syll. Fung. 11: 386 (1895) [MB#234651]	161042	Lasch	1863	Legitimate
Hysterographium fibrisedum	Hysterium fibrisedum W.R. Gerard, Bull. Torrey Bot. Club 5 (6): 26 (1874) [MB#236737]	581850	(W.R. Gerard) Ellis & Everh.	1892	Legitimate
Hysterographium flexuosum	Hysterographium flexuosum Maire, Bull. Soc. Mycol. France 46: 237 (1930) [MB#505844]	505844	Maire	1930	Illegitimate
Hysterographium flexuosum	Hysterographium flexuosum (Schwein.) Sacc., Syll. Fung. 2: 781 (1883) [MB#160667]	160667	(Schwein.) Sacc.	1883	Legitimate
Hysterographium formosum	Ostreola formosa (Cooke) M.E. Barr, Mycotaxon 29: 505 (1987) [MB#130496]	233086	(Cooke) Sacc.	1883	Legitimate
Hysterographium fraxini	Hysterographium fraxini (Pers.) De Not., Giorn. Bot. Ital. 2 (7-8): 22 (1847) [MB#232405]	232405	(Pers.) De Not.	1847	Legitimate
Hysterographium fraxini subsp. fraxini	Hysterographium fraxini subsp. fraxini (?) [MB#420905]	420905			Legitimate
Hysterographium fraxini subsp. minutulum	Hysterographium minutulum (Sacc.) Mussat, Syll. Fung. 15: 180 (1901) [MB#198152]	138724	Sacc.	1891	Legitimate
Hysterographium fraxini var. fraxini	Hysterographium fraxini var. fraxini (?) [MB#542619]	542619			Legitimate
Hysterographium fraxini var. oleastri	Hysterium oleastri Castagne, Catalogue des plantes qui croissent naturellement aux environs de Marseille: 180 (1845) [MB#514997]	514996	(Castagne) Desm.	1853	Legitimate
Hysterographium fuegianum	Hysterographium fuegianum Speg., Bol. Acad. Nac. Ci. 11 (2): 247 (1888) [MB#232815]	232815	Speg.	1888	Legitimate
Hysterographium fuegianum f. fuegianum	Hysterographium fuegianum f. fuegianum Speg.: 247 (1888) [MB#568629]	568629	Speg.	1888	Legitimate
Hysterographium fuegianum f. intermedium	Hysterographium fuegianum f. intermedium Rehm, Bih. Kongl. Svenska Vetensk.-Akad. Handl. 25 (6): 10 (1899) [MB#562699]	562699	Rehm	1899	Legitimate
Hysterographium fuegianum var. fuegianum	Hysterographium fuegianum var. fuegianum (?) [MB#420915]	420915			Legitimate
Hysterographium funereum	Hysterographium funereum (De Not.) Sacc. (?) [MB#197028]	197028	(De Not.) Sacc.		Legitimate
Hysterographium gerardi	Hysterium gerardii Cooke & Peck, Bull. Buffalo Soc. Nat. Sci. 3 (1): 33 (1875) [MB#168625]	266742	(Cooke & Peck) Sacc.	1883	Orthographic variant
Hysterographium gerardii	Hysterium gerardii Cooke & Peck, Bull. Buffalo Soc. Nat. Sci. 3 (1): 33 (1875) [MB#168625]	197184	(Cooke & Peck) Sacc.	1883	Legitimate
Hysterographium gloniopsis	Hysterobrevium smilacis (Schwein.) E.W.A. Boehm & C.L. Schoch, Stud. Mycol. 64: 63 (2009) [MB#515336]	581429	(W.R. Gerard) Ellis & Everh.	1892	Legitimate
Hysterographium graminis	Hysterographium graminis Ellis & Everh., Bull. Torrey Bot. Club 27: 53 (1900) [MB#196864]	196864	Ellis & Everh.	1900	Legitimate
Hysterographium grammodes	Hysterographium grammodes (De Not.) Sacc., Michelia 1 (4): 413 (1878) [MB#197017]	197017	(De Not.) Sacc.	1878	Legitimate
Hysterographium grammodes f. grammodes	Hysterographium grammodes f. grammodes (?) [MB#423874]	423874			Legitimate
Hysterographium grammodes f. minor	Hysterographium grammodes f. minor Sacc., Rev. Mycol. (Toulouse) 3 (9): 28 (1881) [MB#197176]	197176	Sacc.	1881	Legitimate
Hysterographium gregarium	Hysterographium gregarium Pass. (?) [MB#196912]	196912	Pass.		Legitimate
Hysterographium guaraniticum	Hysterographium guaraniticum Speg., Anales Soc. Ci. Argent. 26: 56 (1888) [MB#197071]	197071	Speg.	1888	Legitimate
Hysterographium hiascens	Hysterographium hiascens Rehm (?) [MB#225508]	225508	Rehm		Legitimate
Hysterographium hiascens var. depressum	Hysterographium hiascens var. depressum G. Winter (?) [MB#138251]	138251	G. Winter		Legitimate
Hysterographium hiascens var. hiascens	Hysterographium hiascens var. hiascens (?) [MB#420478]	420478			Legitimate
Hysterographium hiascens var. macrum	Hysterographium hiascens var. macrum Sacc. & Berl., Rev. Mycol. (Toulouse) 7: 95 (1885) [MB#138243]	138243	Sacc. & Berl.	1885	Legitimate
Hysterographium hysterioides	Pleospora hysterioides Ellis & Everh., Erythea 2: 19 (1894) [MB#159530]	343987	(Ellis & Everh.) Wehm.	1949	Legitimate
Hysterographium ilicicola	Gloniopsis ilicicola (Feltgen) Sacc. & D. Sacc. (?) [MB#244530]	225631	Feltgen	1903	Legitimate
Hysterographium incisum	Hysterographium incisum Ellis & Everh., Bull. Torrey Bot. Club 24: 462 (1897) [MB#224936]	224936	Ellis & Everh.	1897	Legitimate
Hysterographium indicum	Hysterographium indicum A. Pande, Sydowia 33: 238 (1980) [MB#115969]	115969	A. Pande	1980	Legitimate
Hysterographium insidens	Oedohysterium insidens (Schwein.) E.W.A. Boehm & C.L. Schoch, Stud. Mycol. 64: 59 (2009) [MB#515422]	225492	(Schwein.) Sacc.	1883	Legitimate
Hysterographium insigne	Gloniopsis insignis (Cooke & Harkn.) Berl. & Voglino, Sylloge fungorum. Additamenta ad Volumina I - IV: 270 (1886) [MB#244185]	225309	Cooke & Harkn.	1885	Legitimate
Hysterographium insignis	Gloniopsis insignis (Cooke & Harkn.) Berl. & Voglino, Sylloge fungorum. Additamenta ad Volumina I - IV: 270 (1886) [MB#244185]	581438	Cooke & Harkn.	1885	Orthographic variant
Hysterographium kansense	Hysterographium kansense Ellis & Everh., Erythea 2: 22 (1894) [MB#225576]	225576	Ellis & Everh.	1894	Legitimate
Hysterographium lesquereuxii	Hysterium lesquereuxii Duby, Mém. Soc. Phys. Hist. Nat. Genève 16 (1): 41 (1862) [MB#223033]	198115	(Duby) Sacc.	1883	Legitimate
Hysterographium lineare	Glonium lineare (Fr.) De Not., Giorn. Bot. Ital. 2 (7-8): 27 (1847) [MB#140107]	847532	(Fr.) Westend. & Wallays	1854	Legitimate
Hysterographium lineolatum	Hysterium lineolatum Cooke, Grevillea 11 (59): 107 (1883) [MB#143640]	581450	(Cooke) Ellis & Everh.	1892	Legitimate
Hysterographium longisporum	Hysterographium longisporum W.H. Hsieh, Chi Y. Chen & Sivan., Mycol. Res. 101 (8): 902 (1997) [MB#437715]	437715	W.H. Hsieh, Chi Y. Chen & Sivan.	1997	Legitimate
Hysterographium lonicerae	Hysterium lonicerae W. Phillips & Harkn., Grevillea 13 (65): 23 (1884) [MB#144180]	581451	(W. Phillips & Harn.) Ellis & Everh.	1892	Legitimate
Hysterographium macrum	Hysterographium macrum Sacc. & Berl. (?) [MB#198392]	198392	Sacc. & Berl.		Legitimate
Hysterographium magellanicum	Hysterographium magellanicum Speg., Bol. Acad. Nac. Ci. 11 (2): 248 (1888) [MB#198273]	198273	Speg.	1888	Legitimate
Hysterographium megalographa	Hysterium megalographa Anzi (?) [MB#234482]	198429	(Anzi) Sacc.		Legitimate
Hysterographium mhaismalensis	Hysterographium acaciae R. Rao, Sydowia 25 (1-6): 56 (1972) [MB#537484]	538058	A. Pande	2008	Invalid
Hysterographium minus	Purpurepithecium minus (N. Amano) Jayasiri & K.D. Hyde, Mycosphere 9 (4): 810 (2018) [MB#554452]	106904	N. Amano	1983	Legitimate
Hysterographium minutulum	Hysterographium minutulum (Sacc.) Mussat, Syll. Fung. 15: 180 (1901) [MB#198152]	198152	(Sacc.) Mussat	1901	Legitimate
Hysterographium minutum	Hysterographium minutum M.L. Lohman, Pap. Michigan Acad. Sci. 17: 267 (1933) [MB#271348]	271348	M.L. Lohman	1933	Legitimate
Hysterographium mori	Hysterobrevium mori (Schwein.) E.W.A. Boehm & C.L. Schoch, Stud. Mycol. 64: 62 (2009) [MB#515335]	198313	(Schwein.) Rehm	1876	Legitimate
Hysterographium multiseptatum	Hysterographium multiseptatum Panwar & S.J. Kaur, Kavaka 5: 47 (1978) [MB#119289]	119289	Panwar & S.J. Kaur	1978	Legitimate
Hysterographium multiseptum	Hysterographium multiseptum Panwar & S.J. Kaur, Kavaka 5: 47 (1978) [MB#315781]	315781	Panwar & S.J. Kaur	1978	Legitimate
Hysterographium naviculare	Hysterographium naviculare P. Karst., Meddeland. Soc. Fauna Fl. Fenn. 5: 51 (1879) [MB#198232]	198232	P. Karst.	1879	Legitimate
Hysterographium nova-caesariense	Ostreichnion novae-caesariense (Ellis) M.E. Barr, Mycotaxon 3 (1): 84 (1975) [MB#319046]	581004	(Ellis) Roum.		Orthographic variant
Hysterographium nova-caesariensis	Ostreichnion novae-caesariense (Ellis) M.E. Barr, Mycotaxon 3 (1): 84 (1975) [MB#319046]	266746	(Ellis) Roum.	1889	Orthographic variant
Hysterographium novae-caesariensis	Ostreichnion novae-caesariense (Ellis) M.E. Barr, Mycotaxon 3 (1): 84 (1975) [MB#319046]	122956	(Ellis) Roum.	1889	Legitimate
Hysterographium nucicola	Hysterium nucicolum Schwein. (1832) [MB#536356]	198469	(Schwein.) Ellis & Everh.		Legitimate
Hysterographium oleae	Hysterographium oleae O. Schwarz, Phytopath. Z.: 103 (1933) [MB#272798]	272798	O. Schwarz	1933	Legitimate
Hysterographium oligomerum	Hysterographium oligomerum Penz. & Sacc., Malpighia 11: 528 (1898) [MB#198128]	198128	Penz. & Sacc.	1898	Legitimate
Hysterographium opuntiae	Rhytidhysteron opuntiae (J.G. Br.) M.E. Barr, Mem. New York Bot. Gard. 62: 72 (1990) [MB#128100]	298861	J.G. Br.	1953	Legitimate
Hysterographium pachyascum	Hysterographium pachyascum Berl., Fungi moricolae, Iconografia e descrizione dei funghi parassiti del gelso 2: no. 7, tab. 47, fig. 1-7 (1885) [MB#198370]	198370	Berl.	1885	Legitimate
Hysterographium palamalaiense	Hysterographium palamalaiense Logesh, Kalais. & Upreti, Mycosphere 4 (1): 152 (2013) [MB#803099]	803099	Logesh, Kalais. & Upreti	2013	Legitimate
Hysterographium pithecellobii	Hysterographium pithecolobii Seaver (1925) [MB#266747]	227588	Seaver	1925	Legitimate
Hysterographium pithecolobii	Hysterographium pithecolobii Seaver (1925) [MB#266747]	266747	Seaver	1925	Orthographic variant
Hysterographium pleosporoides	Hysterographium pleosporoides Wehm. & S. Ahmad (1964) [MB#332490]	332490	Wehm. & S. Ahmad	1964	Legitimate
Hysterographium polymorphum	Hysterographium polymorphum P. Karst., Hedwigia 28 (3): 192 (1889) [MB#228182]	228182	P. Karst.	1889	Legitimate
Hysterographium portenum	Hysterographium portenum Speg., Anales Soc. Ci. Argent. 9 (4): 185 (1880) [MB#227440]	227440	Speg.	1880	Legitimate
Hysterographium praeandinum	Hysterographium praeandinum Speg., Anales Mus. Nac. Hist. Nat. Buenos Aires 23: 87 (1912) [MB#227902]	227902	Speg.	1912	Legitimate
Hysterographium praelongum	Gloniopsis praelonga (Schwein.) Underw. & Earle, Bull. Alab. Agric. Exp. Sta. 80: 196 (1897) [MB#102067]	227728	(Schwein.) Sacc.	1883	Legitimate
Hysterographium prominens	Hysterographium prominens (W. Phillips & Harkn.) Berl. & Voglino, Sylloge fungorum. Additamenta ad Volumina I - IV: 270 (1886) [MB#228036]	228036	(W. Phillips & Harkn.) Berl. & Voglino	1886	Legitimate
Hysterographium pulchrum	Oedohysterium pulchrum (Checa, Shoemaker & Umaña) E.W.A. Boehm & C.L. Schoch, Stud. Mycol. 64: 59 (2009) [MB#515424]	505725	Checa, Shoemaker & Umaña	2007	Legitimate
Hysterographium pulicare	Hysterium pulicare Pers., Neues Mag. Bot. 1: 85 (1794) [MB#162287]	227561	(Pers.) Corda	1842	Legitimate
Hysterographium pumilionis	Hysterographium pumilionis Rehm, Rabenhorst's Kryptogamen-Flora, Pilze - Ascomyceten 1(3): 21 (1887) [MB#227876]	227876	Rehm	1887	Legitimate
Hysterographium punctiforme	Hysterographium punctiforme Pat. & Gaillard, Bull. Soc. Mycol. France 4 (3): 120 (1889) [MB#227667]	227667	Pat. & Gaillard	1889	Legitimate
Hysterographium putaminum	Hysterographium putaminum (Cooke) Sacc. (?) [MB#228132]	228132	(Cooke) Sacc.		Legitimate
Hysterographium quercinum	Hysterographium quercinum Sibilia, Annali Bot.: 268 (1929) [MB#194277]	194277	Sibilia	1929	Legitimate
Hysterographium rehmianum	Hysterographium rehmianum Berl. & Voglino, Sylloge fungorum. Additamenta ad Volumina I - IV: 432 (1886) [MB#194303]	194303	Berl. & Voglino	1886	Legitimate
Hysterographium rehmianum	Hysterographium vulvatum subsp. rehmianum Sacc., Syll. Fung. 2: 781 (1883) [MB#517725]	194420	(Sacc.) Mussat	1900	Invalid
Hysterographium rehmianum f. pyri	Hysterographium rehmianum f. pyri Rehm, Hedwigia 23 (5): 69 (1884) [MB#562614]	562614	Rehm	1884	Legitimate
Hysterographium rehmianum f. rehmianum	Hysterographium rehmianum f. rehmianum Sacc.: 781 (1883) [MB#568630]	568630	Sacc.	1883	Legitimate
Hysterographium rousselii	Hysterium rousselii De Not., Piren. Ister.: 19 (1847) [MB#196871]	194586	(De Not.) Sacc.	1883	Legitimate
Hysterographium rousselii f. piri	Hysterographium rousselii f. piri Feltgen (?) [MB#194180]	194180	Feltgen		Legitimate
Hysterographium rousselii f. rousselii	Hysterographium rousselii f. rousselii (?) [MB#423714]	423714			Legitimate
Hysterographium ruborum	Hysterographium ruborum Cooke (?) [MB#194491]	194491	Cooke		Legitimate
Hysterographium ruborum f. ruborum	Hysterographium ruborum f. ruborum (?) [MB#423724]	423724			Legitimate
Hysterographium ruborum f. vitis	Hysterographium ruborum f. vitis Rehm, Hedwigia 27: 169 (1888) [MB#194346]	194346	Rehm	1888	Legitimate
Hysterographium simillimum	Hysterographium simillimum Starbäck, Bih. Kongl. Svenska Vetensk.-Akad. Handl. 21 (5): 15 (1895) [MB#194507]	194507	Starbäck	1895	Legitimate
Hysterographium smilacis	Hysterobrevium smilacis (Schwein.) E.W.A. Boehm & C.L. Schoch, Stud. Mycol. 64: 63 (2009) [MB#515336]	581498	(Schwein.) Ellis & Everh.	1892	Legitimate
Hysterographium sphaerioides	Hysterographium sphaerioides Nyl. ex P. Karst., Not. Sällsk. Fauna Fl. Fenn. Förh. 11: 258 (1870) [MB#569553]	569553	Nyl. ex P. Karst.	1870	Legitimate
Hysterographium spinicola	Hysterographium spinicolum Doidge (1924) [MB#266749]	278608	Doidge	1924	Legitimate
Hysterographium spinicolum	Hysterographium spinicolum Doidge (1924) [MB#266749]	266749	Doidge	1924	Orthographic variant
Hysterographium stygium	Hysterium stygium Cooke, Grevillea 11 (59): 107 (1883) [MB#221092]	194239	(Cooke) Sacc.		Legitimate
Hysterographium subrugosum	Gloniopsis subrugosa (Cooke & Ellis) E.W.A. Boehm & C.L. Schoch, Stud. Mycol. 64: 65 (2009) [MB#515338]	194397	(Cooke & Ellis) Sacc.	1883	Legitimate
Hysterographium syringae	Hysterium syringae Schwein., Trans. Amer. Philos. Soc. n.s. 4 (2): 244 (1832) [MB#227526]	202196	(Schwein.) Sacc.	1883	Legitimate
Hysterographium vanderystii	Hysterographium vanderystii Bres., Bull. Jard. Bot. État Bruxelles 4 (1): 9 (1914) [MB#202340]	202340	Bres.	1914	Legitimate
Hysterographium variabile	Hysterium variabile Cooke & Peck, Bull. Buffalo Soc. Nat. Sci. 3 (1): 33 (1875) [MB#217717]	202087	(Cooke & Peck) Sacc.	1883	Legitimate
Hysterographium varians	Hysterographium varians Vouaux, Bull. Soc. Mycol. France: 157 (1910) [MB#202238]	202238	Vouaux	1910	Legitimate
Hysterographium viticola	Hysterium viticola Cooke & Peck, Bull. Buffalo Soc. Nat. Sci. 3 (1): 33 (1875) [MB#249695]	202123	(Cooke & Peck) Rehm	1876	Legitimate
Hysterographium viticola var. ruborum	Hysterographium viticola var. ruborum Cooke (?) [MB#202407]	202407	Cooke		Legitimate
Hysterographium viticola var. viticola	Hysterographium viticola var. viticola (?) [MB#424101]	424101			Legitimate
Hysterographium vulvatum	Hysterographium vulvatum (Schwein.) Rehm, Hedwigia 21 (5): 72 (1882) [MB#202273]	202273	(Schwein.) Rehm	1882	Legitimate
Hysterographium vulvatum subsp. rehmianum	Hysterographium vulvatum subsp. rehmianum Sacc., Syll. Fung. 2: 781 (1883) [MB#517725]	517725	Sacc.	1883	Legitimate
Hysterographium vulvatum subsp. vulvatum	Hysterographium vulvatum (Schwein.) Rehm, Hedwigia 21 (5): 72 (1882) [MB#202273]	568311	(Schwein.) Rehm	1882	Legitimate
Hysterographium vulvatum var. rhemianum	Hysterographium vulvatum var. rhemianum Sacc. (?) [MB#202175]	202175	Sacc.		Legitimate
Hysterographium vulvatum var. vulvatum	Hysterographium vulvatum var. vulvatum (?) [MB#424090]	424090			Legitimate
Hysterographium ziziphi	Hysterographium ziziphi Pat., Catalogue Raisonné des Plantes Cellulaires de la Tunisie (7): 112 (1897) [MB#308370]	308370	Pat.	1897	Legitimate
Hysterographium zizyphi	Hysterographium ziziphi Pat., Catalogue Raisonné des Plantes Cellulaires de la Tunisie (7): 112 (1897) [MB#308370]	202322	Pat.	1897	Orthographic variant
Leptographium	Leptographium Lagerb. & Melin, Svenska Skogsvårdsforen. Tidskr. 25 (2-4): 257 (1927) [MB#8749]	8749	Lagerb. & Melin	1927	Legitimate
Leptographium abieticolens	Grosmannia abieticolens (K. Jacobs & M.J. Wingf.) M. Procter & Z.W. de Beer, Stud. Mycol. 101: 91 (2022) [MB#840331]	466545	K. Jacobs & M.J. Wingf.	2000	Legitimate
Leptographium abietinum	Grosmannia abietina (Peck) M.L. Yin, Z.W. de Beer & M.J. Wingf., Fungal Biol. 124 (2): 113 (2019) [MB#832289]	105446	(Peck) M.J. Wingf.	1985	Legitimate
Leptographium absconditum	Leptographium absconditum P. Romón, Z.W. De Beer & M.J. Wingf., Antonie van Leeuwenhoek (2014) [MB#807055]	807055	P. Romón, Z.W. De Beer & M.J. Wingf.	2014	Legitimate
Leptographium aenigmaticum	Leptographium aenigmaticum K. Jacobs, M.J. Wingf. & Yamaoka, Mycol. Res. 102 (3): 291 (1998) [MB#443772]	443772	K. Jacobs, M.J. Wingf. & Yamaoka	1998	Legitimate
Leptographium alacre	Ophiostoma serpens (Goid.) Arx, Antonie van Leeuwenhoek 18: 211 (1952) [MB#302089]	104450	(M.J. Wingf. & Marasas) M. Morelet	1985	Legitimate
Leptographium alacris	Ophiostoma serpens (Goid.) Arx, Antonie van Leeuwenhoek 18: 211 (1952) [MB#302089]	268552	(M.J. Wingf. & Marasas) M. Morelet	1985	Orthographic variant
Leptographium albopini	Leptographium albopini M.J. Wingf., T.C. Harr. & Crous, Canad. J. Bot. 72 (2): 234 (1994) [MB#362155]	362155	M.J. Wingf., T.C. Harr. & Crous	1994	Legitimate
Leptographium alethinum	Leptographium alethinum K. Jacobs, M.J. Wingf. & Uzunovic, Mycol. Res. 105 (4): 493 (2001) [MB#467759]	467759	K. Jacobs, M.J. Wingf. & Uzunovic	2001	Legitimate
Leptographium alneum	Leptographium alni B. Strzałka, Jankow. & P. Bilański, MycoKeys 68: 39 (2020) [MB#835949]	835146	B. Strzałka, Jankow. & P. Bilański	2020	Orthographic variant
Leptographium alni	Leptographium alni B. Strzałka, Jankow. & P. Bilański, MycoKeys 68: 39 (2020) [MB#835949]	835949	B. Strzałka, Jankow. & P. Bilański	2020	Legitimate
Leptographium altius	Grosmannia altior (Paciura, Z.W de Beer & M.J. Wingf.) M. Procter & Z.W. de Beer, Stud. Mycol. 101: 91 (2022) [MB#840369]	516740	Paciura, Z.W. de Beer & M.J. Wingf.	2010	Legitimate
Leptographium americanum	Leptographium americanum K. Jacobs & M.J. Wingf., Canad. J. Bot. 75 (8): 1318 (1997) [MB#437736]	437736	K. Jacobs & M.J. Wingf.	1997	Legitimate
Leptographium antibioticum	Leptographium antibioticum (W.B. Kendr.) M.J. Wingf., Trans. Brit. Mycol. Soc. 85 (1): 92 (1985) [MB#105447]	105447	(W.B. Kendr.) M.J. Wingf.	1985	Legitimate
Leptographium aureum	Leptographium aureum (Rob.-Jeffr. & R.W. Davidson) M.J. Wingf., Trans. Brit. Mycol. Soc. 85 (1): 92 (1985) [MB#105448]	105448	(Rob.-Jeffr. & R.W. Davidson) M.J. Wingf.	1985	Legitimate
Leptographium betulae	Grosmannia betulae (Jankow., B. Strzałka & Linnak.) M. Procter & Z.W. de Beer, Stud. Mycol. 101: 91 (2022) [MB#840370]	821670	Jankow., Strzałka & Linnak.	2017	Legitimate
Leptographium bhutanense	Leptographium bhutanense X.D. Zhou, K. Jacobs & M.J. Wingf., Persoonia 21: 6 (2008) [MB#511811]	511811	X.D. Zhou, K. Jacobs & M.J. Wingf.	2008	Legitimate
Leptographium bistatum	Grosmannia bistata (J.J. Kim & G.H. Kim) M.L. Yin, Z.W. de Beer & M.J. Wingf., Fungal Biol. 124 (2): 114 (2019) [MB#832291]	488608	J.J. Kim & G.H. Kim	2004	Legitimate
Leptographium brachiatum	Leptographium brachiatum (W.B. Kendr.) M.J. Wingf., Trans. Brit. Mycol. Soc. 85 (1): 92 (1985) [MB#105449]	105449	(W.B. Kendr.) M.J. Wingf.	1985	Legitimate
Leptographium brevicolle	Leptographium brevicolle K. Jacobs & M.J. Wingf., Leptographium species: 72 (2001) [MB#375127]	375127	K. Jacobs & M.J. Wingf.	2001	Legitimate
Leptographium breviuscapum	Leptographium breviuscapum M.L. Yin, Z.W. de Beer & M.J. Wingf., MycoKeys 60: 101 (2019) [MB#823576]	823576	M.L. Yin, Z.W. de Beer & M.J. Wingf.	2019	Legitimate
Leptographium cainii	Leptographium cainii (Olchow. & J. Reid) M. Procter & Z.W. de Beer, Stud. Mycol. 101: 101 (2022) [MB#840389]	840389	(Olchow. & J. Reid) M. Procter & Z.W. de Beer	2022	Legitimate
Leptographium calophylli	Leptographium calophylli (Wiehe) J.F. Webber, K. Jacobs & M.J. Wingf., Mycol. Res. 103 (12): 1589 (1999) [MB#460868]	460868	(Wiehe) J.F. Webber, K. Jacobs & M.J. Wingf.	1999	Legitimate
Leptographium castellanum	Leptographium castellanum T.A. Duong, Z.W. de Beer & M.J. Wingf., Mycologia 104 (3): 726 (2012) [MB#561918]	561918	T.A. Duong, Z.W. de Beer & M.J. Wingf.	2012	Legitimate
Leptographium celere	Leptographium celere Paciura, Z.W. de Beer & M.J. Wingf., Persoonia 25: 100 (2010) [MB#516734]	516734	Paciura, Z.W. de Beer & M.J. Wingf.	2010	Legitimate
Leptographium changduense	Leptographium changduense Zheng Wang & Q. Lu, Fungal Diversity 129: 333 (2024) [MB#853396]	853396	Zheng Wang & Q. Lu	2024	Legitimate
Leptographium chlamydatum	Grosmannia chlamydata (K. Jacobs, M.J. Wingf. & H. Solheim) M.L. Yin, Z.W. de Beer & M.J. Wingf., Fungal Biol. 124 (2): 117 (2019) [MB#832292]	515125	K. Jacobs, M.J. Wingf. & H. Solheim	2010	Legitimate
Leptographium chlamydatum	Leptographium chlamydatum K. Jacobs, M.J. Wingf. & H. Solheim: 73 (2010) [MB#501170]	501170	K. Jacobs, M.J. Wingf. & H. Solheim	2010	Legitimate
Leptographium clavigerum	Graphiocladiella clavigera H.P. Upadhyay, A Monograph of Ceratocystis and Ceratocystiopsis: 138 (1981) [MB#115963]	488912	(H.P. Upadhyay) T.C. Harr., Six & McNew	2003	Legitimate
Leptographium conjunctum	Leptographium conjunctum Paciura, Z.W. de Beer & M.J. Wingf., Persoonia 25: 99 (2010) [MB#516733]	516733	Paciura, Z.W. de Beer & M.J. Wingf.	2010	Legitimate
Leptographium conplurium	Leptographium conplurium M.L. Yin, Z.W. de Beer & M.J. Wingf., MycoKeys 60: 103 (2019) [MB#823572]	823572	M.L. Yin, Z.W. de Beer & M.J. Wingf.	2019	Legitimate
Leptographium costaricense	Chloridium costaricense (G. Weber, Spaaij & M.J. Wingf.) Réblová & Hern.-Restr., Stud. Mycol. 103: 188 (2022) [MB#846727]	415055	G. Weber, Spaaij & M.J. Wingf.	1996	Legitimate
Leptographium crassivaginatum	Leptographium crassivaginatum (H.D. Griffin) M.J. Wingf., Trans. Brit. Mycol. Soc. 85 (1): 92 (1985) [MB#105450]	105450	(H.D. Griffin) M.J. Wingf.	1985	Legitimate
Leptographium cucullatum	Leptographium cucullatum (H. Solheim) M.L. Yin, Z.W. de Beer & M.J. Wingf., MycoKeys 60: 103 (2019) [MB#831546]	831546	(H. Solheim) M.L. Yin, Z.W. de Beer & M.J. Wingf.	2019	Legitimate
Leptographium curviconidium	Grosmannia curviconidia (Paciura, Z.W. de Beer & M.J. Wingf.) M. Procter & Z.W. de Beer, Stud. Mycol. 101: 91 (2022) [MB#840373]	516739	Paciura, Z.W. de Beer & M.J. Wingf.	2010	Legitimate
Leptographium curvisporum	Grosmannia curvispora (K. Jacobs, M.J. Wingf. & H. Solheim) M.L. Yin, Z.W. de Beer & M.J. Wingf., Fungal Biol. 124 (2): 118 (2019) [MB#832293]	515126	K. Jacobs, M.J. Wingf. & H. Solheim	2010	Legitimate
Leptographium davidsonii	Leptographium davidsonii (Olchow. & J. Reid) M.L. Yin, Z.W. de Beer & M.J. Wingf., MycoKeys 60: 104 (2019) [MB#831547]	831547	(Olchow. & J. Reid) M.L. Yin, Z.W. de Beer & M.J. Wingf.	2019	Legitimate
Leptographium doddsii	Leptographium doddsii Marinc., Z.W. de Beer & M.J. Wingf., Persoonia 45: 185 (2020) [MB#835953]	835953	Marinc., Z.W. de Beer & M.J. Wingf.	2020	Legitimate
Leptographium douglasii	Leptographium douglasii M.J. Wingf., T.C. Harr. & Crous, Canad. J. Bot. 72 (2): 231 (1994) [MB#362154]	362154	M.J. Wingf., T.C. Harr. & Crous	1994	Legitimate
Leptographium dryocoetidis	Leptographium dryocoetis (W.B. Kendr. & Molnar) M.J. Wingf., Trans. Brit. Mycol. Soc. 85 (1): 92 (1985) [MB#530838]	105451	(W.B. Kendr. & Molnar) M.J. Wingf.	1985	Orthographic variant
Leptographium dryocoetis	Leptographium dryocoetis (W.B. Kendr. & Molnar) M.J. Wingf., Trans. Brit. Mycol. Soc. 85 (1): 92 (1985) [MB#530838]	530838	(W.B. Kendr. & Molnar) M.J. Wingf.	1985	Legitimate
Leptographium duchongi	Leptographium duchongi R. Chang, Z.W. de Beer & M.J. Wingf., Persoonia 42: 67 (2018) [MB#825091]	825091	R. Chang, Z.W. de Beer & M.J. Wingf.	2018	Legitimate
Leptographium elegans	Leptographium elegans M.J. Wingf., Crous & Tzean, Mycol. Res. 98: 783 (1994) [MB#362332]	362332	M.J. Wingf., Crous & Tzean	1994	Legitimate
Leptographium engelmannii	Grosmannia abietina (Peck) M.L. Yin, Z.W. de Beer & M.J. Wingf., Fungal Biol. 124 (2): 113 (2019) [MB#832289]	299535	R.W. Davidson	1955	Legitimate
Leptographium erubescens	Leptographium erubescens (Math.-Käärik) M.L. Yin, Z.W. de Beer & M.J. Wingf., MycoKeys 60: 105 (2019) [MB#823577]	823577	(Math.-Käärik) M.L. Yin, Z.W. de Beer & M.J. Wingf.	2019	Legitimate
Leptographium eucalyptophilum	Grosmannia eucalyptophila (K. Jacobs, M.J. Wingf. & Jol. Roux) M.L. Yin, Z.W. de Beer & M.J. Wingf., Fungal Biol. 124 (2): 119 (2019) [MB#832294]	460836	K. Jacobs, M.J. Wingf. & Jol. Roux	1999	Legitimate
Leptographium euphyes	Grosmannia euphyes (K. Jacobs & M.J. Wingf.) M. Procter & Z.W. de Beer, Stud. Mycol. 101: 92 (2022) [MB#840376]	467761	K. Jacobs & M.J. Wingf.	2001	Legitimate
Leptographium europhioides	Leptographium europhioides (E. F. Wright & Cain) M. Procter & Z.W. de Beer, Stud. Mycol. 101: 102 (2022) [MB#840392]	840392	(E. F. Wright & Cain) M. Procter & Z.W. de Beer	2022	Legitimate
Leptographium fenglinhense	Grosmannia fenglinhensis (R. Chang, Z.W. de Beer & M.J. Wingf.) M. Procter & Z.W. de Beer, Stud. Mycol. 101: 92 (2022) [MB#840377]	825092	R. Chang, Z.W. de Beer & M.J. Wingf.	2018	Legitimate
Leptographium flavum	Leptographium flavum Jankow. & Ostaf., Antonie van Leeuwenhoek 111 (12): 2342 (2018) [MB#826761]	826761	Jankow. & Ostaf.	2018	Legitimate
Leptographium francke-grosmanniae	Leptographium francke-grosmanniae K. Jacobs & M.J. Wingf., Leptographium species: 99 (2001) [MB#375135]	375135	K. Jacobs & M.J. Wingf.	2001	Legitimate
Leptographium fruticetum	Grosmannia fruticetum (Alamouti, J.J. Kim & Breuil) M.L. Yin, Z.W. de Beer & M.J. Wingf., Fungal Biol. 124 (2): 119 (2019) [MB#834886]	501075	Alamouti, J.J. Kim & Breuil	2006	Legitimate
Leptographium galeiforme	Leptographium galeiforme (B.K. Bakshi) M. Procter & Z.W. de Beer, Stud. Mycol. 101: 102 (2022) [MB#840393]	840393	(B.K. Bakshi) M. Procter & Z.W. de Beer	2022	Legitimate
Leptographium gallaeciae	Leptographium gallaeciae Fern. Magán (1983) [MB#268558]	268558	Fern. Magán	1983	Orthographic variant
Leptographium gallaeciae	Leptographium gallaeciae Fern. Magán (1981) [MB#268565]	268565	Fern. Magán	1981	Orthographic variant
Leptographium galleciae	Leptographium gallaeciae Fern. Magán (1983) [MB#268558]	106227	Fern. Magán	1983	Legitimate
Leptographium galleciae	Leptographium gallaeciae Fern. Magán (1981) [MB#268565]	115450	Fern. Magán	1981	Invalid
Leptographium gemmatum	Leptographium gemmatum Torres-Garcia, Dania García & Gené, Persoonia 48: 329 (2022) [MB#842301]	842301	Torres-Garcia, Dania García & Gené	2022	Legitimate
Leptographium gestamen	Grosmannia gestamen (Errasti & Z.W. de Beer) M. Procter & Z.W. de Beer, Stud. Mycol. 101: 92 (2022) [MB#840381]	814177	Errasti & Z.W. de Beer	2016	Legitimate
Leptographium gibbsii	Leptographium gibbsii T.A. Duong, Z.W. de Beer & M.J. Wingf., Mycologia 104 (3): 725 (2012) [MB#561915]	561915	T.A. Duong, Z.W. de Beer & M.J. Wingf.	2012	Legitimate
Leptographium globosum	Leptographium globosum Y. T. Huang & Chi. Y. Chen, Mycol. Progr. 13: 844 (2014) [MB#806125]	806125	Y. T. Huang & Chi. Y. Chen	2014	Legitimate
Leptographium gordonii	Leptographium gordonii Marinc., Z.W. de Beer & M.J. Wingf., Persoonia 45: 185 (2020) [MB#835954]	835954	Marinc., Z.W. de Beer & M.J. Wingf.	2020	Legitimate
Leptographium gracile	Leptographium gracile Paciura, Z.W. de Beer & M.J. Wingf., Persoonia 25: 103 (2010) [MB#516736]	516736	Paciura, Z.W. de Beer & M.J. Wingf.	2010	Legitimate
Leptographium grandifoliae	Verticicladiella grandifoliae R.W. Davidson, Mem. New York Bot. Gard. 28 (1): 45 (1976) [MB#374879]	105452	(R.W. Davidson) M.J. Wingf.	1985	Legitimate
Leptographium granulatum	Leptographium granulatum Jankow. & Bilański, Persoonia 50: 253 (2023) [MB#847451]	847451	Jankow. & Bilański	2023	Legitimate
Leptographium griffithii	Leptographium griffithii Zheng Wang & Q. Lu, Fungal Diversity 129: 329 (2024) [MB#853391]	853391	Zheng Wang & Q. Lu	2024	Legitimate
Leptographium guttulatum	Leptographium guttulatum M.J. Wingf. & K. Jacobs, Mycologia 93: 382 (2001) [MB#467789]	467789	M.J. Wingf. & K. Jacobs	2001	Legitimate
Leptographium hebeiense	Leptographium hebeiense Zheng Wang & Q. Lu, Fungal Diversity 129: 338 (2024) [MB#853399]	853399	Zheng Wang & Q. Lu	2024	Legitimate
Leptographium heilongjiangense	Leptographium heilongjiangense R. Chang, Z.W. de Beer & M.J. Wingf., Persoonia 42: 65 (2018) [MB#825089]	825089	R. Chang, Z.W. de Beer & M.J. Wingf.	2018	Legitimate
Leptographium hughesii	Grosmannia hughesii (K. Jacobs, M.J. Wingf. & T.C. Harr.) M.L. Yin, Z.W. de Beer & M.J. Wingf., Fungal Biol. 124 (2): 119 (2019) [MB#832296]	446383	K. Jacobs, M.J. Wingf. & T.C. Harr.	1999	Legitimate
Leptographium huntii	Leptographium huntii (Rob.-Jeffr.) M.J. Wingf., Trans. Brit. Mycol. Soc. 85 (1): 92 (1985) [MB#105453]	105453	(Rob.-Jeffr.) M.J. Wingf.	1985	Legitimate
Leptographium hymenaeae	Leptographium hymenaeae C. Ram & A. Ram, Atti Reale Accad. Sci. Napoli: 94 (1972) [MB#316585]	316585	C. Ram & A. Ram	1972	Legitimate
Leptographium innermongolicum	Grosmannia innermongolica (X. W. Liu, Q. Lu & X. Y. Zhang) M. Procter & Z.W. de Beer, Stud. Mycol. 101: 92 (2022) [MB#840384]	811204	X.W. Liu, Q. Lu & X.Y. Zhang	2016	Legitimate
Leptographium jilongense	Leptographium jilongense Zheng Wang & Q. Lu, Fungal Diversity 129: 329 (2024) [MB#853392]	853392	Zheng Wang & Q. Lu	2024	Legitimate
Leptographium koraiense	Leptographium koraiense R. Chang, Z.W. de Beer & M.J. Wingf., Persoonia 42: 65 (2018) [MB#833011]	833011	R. Chang, Z.W. de Beer & M.J. Wingf.	2018	Legitimate
Leptographium koraiensis	Leptographium koraiense R. Chang, Z.W. de Beer & M.J. Wingf., Persoonia 42: 65 (2018) [MB#833011]	825087	R. Chang, Z.W. de Beer & M.J. Wingf.	2018	Orthographic variant
Leptographium koreanum	Leptographium koreanum J.J. Kim & G.H. Kim, Mycol. Res. 109 (3): 278 (2005) [MB#501169]	501169	J.J. Kim & G.H. Kim	2005	Legitimate
Leptographium laricis	Leptographium laricis K. van der Westh., Yamaoka & M.J. Wingf., Mycol. Res. 99: 1336 (1995) [MB#413370]	413370	K. van der Westh., Yamaoka & M.J. Wingf.	1995	Legitimate
Leptographium latens	Leptographium latens Paciura, Z.W. de Beer & M.J. Wingf., Persoonia 25: 104 (2010) [MB#516737]	516737	Paciura, Z.W. de Beer & M.J. Wingf.	2010	Legitimate
Leptographium lateritium	Leptographium lateritium J.J. Xu & T.Y. Zhang, Mycotaxon 132 (3): 607 (2017) [MB#818979]	818979	J.J. Xu & T.Y. Zhang	2017	Legitimate
Leptographium leiwuqiense	Leptographium leiwuqiense Zheng Wang & Q. Lu, Fungal Diversity 129: 336 (2024) [MB#853397]	853397	Zheng Wang & Q. Lu	2024	Legitimate
Leptographium leptographioides	Leptographium leptographioides K. Jacobs & M.J. Wingf., Leptographium species: 118 (2001) [MB#375137]	375137	K. Jacobs & M.J. Wingf.	2001	Legitimate
Leptographium ligniperdae	Leptographium ligniperdae D. Xie, H.W. Chen & D.F. Chi, IMA Fungus 16 (e169382): 18 (2025) [MB#856952]	856952	D. Xie, H.W. Chen & D.F. Chi	2025	Legitimate
Leptographium linjiangense	Leptographium linjiangense H.M. Wang & Q. Lu, Frontiers Microbiol. 13 (no. 919302): 12 (2022) [MB#843473]	843473	H.M. Wang & Q. Lu	2022	Invalid
Leptographium longiclavatum	Leptographium longiclavatum S.W. Lee, J.J. Kim & Breuil, Mycol. Res. 109 (10): 1165 (2005) [MB#356686]	356686	S.W. Lee, J.J. Kim & Breuil	2005	Legitimate
Leptographium longiconidiophorum	Leptographium longiconidiophorum M.L. Yin, Z.W. de Beer & M. J. Wingf., Antonie van Leeuwenhoek 107 (2): 556 (2014) [MB#805970]	805970	M.L. Yin, Z.W. de Beer & M. J. Wingf.	2014	Legitimate
Leptographium lundbergii	Leptographium lundbergii Lagerb. & Melin, Svenska Skogsvårdsforen. Tidskr. 25 (2-4): 248 (1927) [MB#269891]	269891	Lagerb. & Melin	1927	Legitimate
Leptographium luobeianum	Leptographium luobeianum Zheng Wang & Q. Lu, Fungal Diversity 129: 331 (2024) [MB#853393]	853393	Zheng Wang & Q. Lu	2024	Legitimate
Leptographium mangkangense	Leptographium mangkangense Zheng Wang & Q. Lu, Fungal Diversity 129: 336 (2024) [MB#853398]	853398	Zheng Wang & Q. Lu	2024	Legitimate
Leptographium manifestum	Leptographium manifestum Paciura, Z.W. de Beer & M.J. Wingf., Persoonia 25: 102 (2010) [MB#516735]	516735	Paciura, Z.W. de Beer & M.J. Wingf.	2010	Legitimate
Leptographium microsporum	Leptographium microsporum R.W. Davidson, J. Agric. Res. 50 (10): 805 (1935) [MB#271147]	271147	R.W. Davidson	1935	Legitimate
Leptographium neomexicanum	Leptographium neomexicanum M.J. Wingf., T.C. Harr. & Crous, Canad. J. Bot. 72 (2): 228 (1994) [MB#362153]	362153	M.J. Wingf., T.C. Harr. & Crous	1994	Legitimate
Leptographium neomexicanus	Leptographium neomexicanus M.J. Wingf., T.C. Harr. & Crous (1994) [MB#567471]	567471	M.J. Wingf., T.C. Harr. & Crous	1994	Orthographic variant
Leptographium ningerense	Leptographium ningerense R. Chang & Z.W. de Beer, MycoKeys 28: 46 (2017) [MB#823697]	823697	R. Chang & Z.W. de Beer	2017	Legitimate
Leptographium obscurum	Leptographium obscurum (R.W. Davidson) Z.W. de Beer & M.J. Wingf., CBS Biodiversity Series 12: 277 (2013) [MB#801082]	801082	(R.W. Davidson) Z.W. de Beer & M.J. Wingf.	2013	Legitimate
Leptographium olivaceapini	Leptographium olivaceapini (R.W. Davidson) M.L. Yin, Z.W. de Beer & M.J. Wingf., MycoKeys 60: 108 (2019) [MB#831549]	831549	(R.W. Davidson) M.L. Yin, Z.W. de Beer & M.J. Wingf.	2019	Legitimate
Leptographium olivaceum	Leptographium olivaceum (Math.-Käärik) M.L. Yin, Z.W. de Beer & M.J. Wingf., MycoKeys 60: 107 (2019) [MB#831548]	831548	(Math.-Käärik) M.L. Yin, Z.W. de Beer & M.J. Wingf.	2019	Legitimate
Leptographium owenii	Leptographium owenii Marinc., Z.W. de Beer & M.J. Wingf., Persoonia 45: 185 (2020) [MB#835955]	835955	Marinc., Z.W. de Beer & M.J. Wingf.	2020	Legitimate
Leptographium panxianense	Leptographium panxianense Y. Pan, J. Lu, Z.F. Yu & H. Ye, Int. J. Syst. Evol. Microbiol. 70: 4799 (2020) [MB#825060]	825060	Y. Pan, J. Lu, Z.F. Yu & H. Ye	2020	Legitimate
Leptographium penicillatum	Leptographium penicillatum Grosmann, Z. Parasitenk. 3: 94 (1931) [MB#445548]	445548	Grosmann	1931	Legitimate
Leptographium peucophilum	Leptographium peucophilum K. Jacobs & M.J. Wingf., Mycoscience 41: 599 (2000) [MB#466546]	466546	K. Jacobs & M.J. Wingf.	2000	Legitimate
Leptographium phycomyces	Scopularia phycomyces (Auersw.) Goid., Boll. Staz. Patol. veg. Roma: 1 (1936) [MB#253955]	274313	(Auersw.) Grosmann	1932	Legitimate
Leptographium piceaperdum	Leptographium piceiperdum K. Jacobs & M.J. Wingf., Mycol. Res. 104 (2): 240 (2000) [MB#516848]	464360	K. Jacobs & M.J. Wingf.	2000	Legitimate
Leptographium piceiperdum	Leptographium piceiperdum K. Jacobs & M.J. Wingf., Mycol. Res. 104 (2): 240 (2000) [MB#516848]	516848	K. Jacobs & M.J. Wingf.	2000	Invalid
Leptographium pineti	Leptographium pineti K. Jacobs & M.J. Wingf., Mycoscience 41: 596 (2000) [MB#466544]	466544	K. Jacobs & M.J. Wingf.	2000	Legitimate
Leptographium pini-densiflorae	Leptographium pini-densiflorae Masuya & M.J. Wingf., Mycoscience 41 (5): 428 (2000) [MB#466180]	466180	Masuya & M.J. Wingf.	2000	Legitimate
Leptographium pinicola	Hyalorhinocladiella pinicola K. Jacobs & M.J. Wingf., Mycol. Res. 109 (10): 1157 (2005) [MB#357088]	564883	(K. Jacobs & M.J. Wingf.) Z.W. de Beer, Linnakoski & M.J. Wingf.	2012	Legitimate
Leptographium piriforme	Leptographium piriforme Greif, Gibas & Currah, Mycologia 98 (5): 772 (2007) [MB#501276]	501276	Greif, Gibas & Currah	2007	Legitimate
Leptographium pistaciae	Grosmannia pistaciae (Paciura, Z.W. de Beer & M.J. Wingf.) M. Procter & Z.W. de Beer, Stud. Mycol. 101: 92 (2022) [MB#840385]	516738	Paciura, Z.W. de Beer & M.J. Wingf.	2010	Legitimate
Leptographium pityophilum	Leptographium pityophilum K. Jacobs, M.J. Wingf. & Frisullo, Mycol. Res. 105 (4): 495 (2001) [MB#467760]	467760	K. Jacobs, M.J. Wingf. & Frisullo	2001	Legitimate
Leptographium ponderosum	Leptographium ponderosum (T.C. Harr. & F.W. Cobb) D. Choi, Mee-Sook Kim & T.C. Harr., Frontiers Pl. Sci. 14 (no. 1286157): 8 (2023) [MB#849475]	849475	(T.C. Harr. & F.W. Cobb) D. Choi, Mee-Sook Kim & T.C. Harr.	2023	Legitimate
Leptographium procerum	Leptographium procerum (W.B. Kendr.) M.J. Wingf., Trans. Brit. Mycol. Soc. 85 (1): 92 (1985) [MB#105454]	105454	(W.B. Kendr.) M.J. Wingf.	1985	Legitimate
Leptographium profanum	Leptographium profanum K. Jacobs, Eckhardt & M.J. Wingf., Canad. J. Bot. 84 (5): 762 (2006) [MB#501066]	501066	K. Jacobs, Eckhardt & M.J. Wingf.	2006	Legitimate
Leptographium pruni	Grosmannia pruni (Masuya & M.J. Wingf.) M. Procter & Z.W. de Beer, Stud. Mycol. 101: 92 (2022) [MB#840386]	488574	Masuya & M.J. Wingf.	2004	Legitimate
Leptographium pseudoaenigmaticum	Leptographium pseudoaenigmaticum Zheng Wang & Q. Lu, Fungal Diversity 129: 338 (2024) [MB#853400]	853400	Zheng Wang & Q. Lu	2024	Legitimate
Leptographium pseudoalbum	Leptographium pseudoalbum M.L. Yin, Z.W. de Beer & M.J. Wingf., MycoKeys 60: 109 (2019) [MB#823571]	823571	M.L. Yin, Z.W. de Beer & M.J. Wingf.	2019	Legitimate
Leptographium pseudoeurophioides	Leptographium pseudoeurophioides (Olchow. & J. Reid) M. Procter & Z.W. de Beer, Stud. Mycol. 101: 102 (2022) [MB#840413]	840413	(Olchow. & J. Reid) M. Procter & Z.W. de Beer	2022	Legitimate
Leptographium pseudojilongense	Leptographium pseudojilongense Zheng Wang & Q. Lu, MycoKeys 110: 105 (2024) [MB#855413]	855413	Zheng Wang & Q. Lu	2024	Invalid
Leptographium pseudotsugae	Leptographium pseudotsugae (T.C. Harr. & F.W. Cobb) D. Choi, Mee-Sook Kim & T.C. Harr., Frontiers Pl. Sci. 14 (no. 1286157): 8 (2023) [MB#849460]	849460	(T.C. Harr. & F.W. Cobb) D. Choi, Mee-Sook Kim & T.C. Harr.	2023	Legitimate
Leptographium puerense	Leptographium puerense Y. Pan, P. Chen, Z.F. Yu & H. Ye, Int. J. Syst. Evol. Microbiol. 70: 4802 (2020) [MB#825061]	825061	Y. Pan, P. Chen, Z.F. Yu & H. Ye	2020	Legitimate
Leptographium pyrinum	Leptographium pyrinum R.W. Davidson, Mycologia 70 (1): 39 (1978) [MB#316586]	316586	R.W. Davidson	1978	Legitimate
Leptographium qieshaoense	Leptographium qieshaoense H.M. Wang & Q. Lu, Frontiers Microbiol. 13 (no. 919302): 12 (2022) [MB#843474]	843474	H.M. Wang & Q. Lu	2022	Invalid
Leptographium qinlingense	Leptographium qinlingense T.T. Wang & Q. Lu, J. Fungi 8 (3, no. 214): 9 (2022) [MB#838528]	838528	T.T. Wang & Q. Lu	2022	Invalid
Leptographium radiaticola	Leptographium radiaticola (J.J. Kim, Seifert & G.H. Kim) M. Procter & Z.W. de Beer, Stud. Mycol. 101: 102 (2022) [MB#840396]	840396	(J.J. Kim, Seifert & G.H. Kim) M. Procter & Z.W. de Beer	2022	Legitimate
Leptographium raffai	Leptographium raffai Marinc., Z.W. de Beer & M.J. Wingf., Persoonia 45: 188 (2020) [MB#835957]	835957	Marinc., Z.W. de Beer & M.J. Wingf.	2020	Legitimate
Leptographium reconditum	Leptographium reconditum Jooste, Trans. Brit. Mycol. Soc. 70 (1): 154 (1978) [MB#316587]	316587	Jooste	1978	Legitimate
Leptographium rhizoidum	Leptographium rhizoidum M.L. Yin, Z.W. de Beer & M.J. Wingf., MycoKeys 60: 110 (2019) [MB#823575]	823575	M.L. Yin, Z.W. de Beer & M.J. Wingf.	2019	Legitimate
Leptographium rhodanense	Leptographium rhodanense Marinc., T.A. Duong, Z.W. de Beer & M.J. Wingf., Forest Pathol. 47 (e12346): 4 (2017) [MB#819506]	819506	Marinc., T.A. Duong, Z.W. de Beer & M.J. Wingf.	2017	Legitimate
Leptographium robustum	Leptographium robustum (Rob.-Jeffr. & R.W. Davidson) M.J. Wingf., Trans. Brit. Mycol. Soc. 85 (1): 92 (1985) [MB#105455]	105455	(Rob.-Jeffr. & R.W. Davidson) M.J. Wingf.	1985	Legitimate
Leptographium rostrocylindricum	Leptographium rostrocylindricum (R.W. Davidson) Z.W. de Beer & M.J. Wingf., CBS Biodiversity Series 12: 280 (2013) [MB#801084]	801084	(R.W. Davidson) Z.W. de Beer & M.J. Wingf.	2013	Legitimate
Leptographium sagmatosporum	Leptographium sagmatosporum (E.F. Wright & Cain) M.L. Yin, Z.W. de Beer & M.J. Wingf., MycoKeys 60: 112 (2019) [MB#831550]	831550	(E.F. Wright & Cain) M.L. Yin, Z.W. de Beer & M.J. Wingf.	2019	Legitimate
Leptographium sanjiangyuanense	Leptographium sanjiangyuanense Zheng Wang & Q. Lu, Frontier in Microbiology 12 (no. 721395): 9 (2021) [MB#839885]	839885	Zheng Wang & Q. Lu	2021	Legitimate
Leptographium seifertii	Leptographium seifertii Marinc., Z.W. de Beer & M.J. Wingf., Persoonia 45: 187 (2020) [MB#835956]	835956	Marinc., Z.W. de Beer & M.J. Wingf.	2020	Legitimate
Leptographium sejilanum	Leptographium sejilanum Zheng Wang & Q. Lu, Fungal Diversity 129: 331 (2024) [MB#853394]	853394	Zheng Wang & Q. Lu	2024	Legitimate
Leptographium serpens	Leptographium serpens (Goid.) Siemaszko, Planta Pol. 7 (3): 34 (1939) [MB#105456]	105456	(Goid.) Siemaszko	1939	Legitimate
Leptographium serpens	Leptographium serpens (Goid.) Siemaszko, Planta Pol. 7 (3): 34 (1939) [MB#105456]	277970	(Goid.) M.J. Wingf.	1985	Legitimate
Leptographium shansheni	Leptographium shansheni R. Chang, Z.W. de Beer & M.J. Wingf., Persoonia 42: 65 (2018) [MB#825088]	825088	R. Chang, Z.W. de Beer & M.J. Wingf.	2018	Legitimate
Leptographium sibiricum	Leptographium sibiricum K. Jacobs & M.J. Wingf., Mycol. Res. 104 (12): 1526 (2000) [MB#466191]	466191	K. Jacobs & M.J. Wingf.	2000	Legitimate
Leptographium sichuanense	Leptographium sichuanense Zheng Wang & Q. Lu, Fungal Diversity 129: 340 (2024) [MB#853401]	853401	Zheng Wang & Q. Lu	2024	Legitimate
Leptographium sinense	Leptographium sinense M.L. Yin, Z.W. de Beer & M.J. Wingf., Antonie van Leeuwenhoek 107 (2): 557 (2015) [MB#805971]	805971	M.L. Yin, Z.W. de Beer & M.J. Wingf.	2015	Legitimate
Leptographium sinoprocerum	Leptographium sinoprocerum Quan Lu, Decock & Maraite, Mycologia 100 (2): 283 (2008) [MB#506743]	506743	Quan Lu, Decock & Maraite	2008	Legitimate
Leptographium sosnaicola	Leptographium sosnaicola Jankow., Forest Pathol. 51 (2): e12672, 11 (2021) [MB#837658]	837658	Jankow.	2021	Legitimate
Leptographium sylvestre	Leptographium sylvestre M.L. Yin, Z.W. de Beer & M.J. Wingf., MycoKeys 60: 113 (2019) [MB#833865]	833865	M.L. Yin, Z.W. de Beer & M.J. Wingf.	2019	Legitimate
Leptographium sylvestris	Leptographium sylvestre M.L. Yin, Z.W. de Beer & M.J. Wingf., MycoKeys 60: 113 (2019) [MB#833865]	823574	M.L. Yin, Z.W. de Beer & M.J. Wingf.	2019	Orthographic variant
Leptographium taigense	Grosmannia taigensis (Linnak., Z.W. de Beer & M.J. Wingf.) M. Procter & Z.W. de Beer, Stud. Mycol. 101: 92 (2022) [MB#840387]	564881	Linnak., Z.W. de Beer & M.J. Wingf.	2012	Legitimate
Leptographium tardum	Leptographium tardum T. Aas, H. Solheim & Jankow., Antonie van Leeuwenhoek 111 (12): 2337 (2018) [MB#826759]	826759	T. Aas, H. Solheim & Jankow.	2018	Legitimate
Leptographium terebrantis	Leptographium terebrantis S.J. Barras & T.J. Perry, Mycopathol. Mycol. Appl. 43 (1): 3 (1971) [MB#316588]	316588	S.J. Barras & T.J. Perry	1971	Legitimate
Leptographium tereforme	Leptographium tereforme S.J. Kim & T.C. Harr., Mycologia 103 (1): 156 (2011) [MB#518036]	518036	S.J. Kim & T.C. Harr.	2011	Legitimate
Leptographium trinacriforme	Leptographium trinacriforme K. Jacobs & M.J. Wingf., Leptographium species: 167 (2001) [MB#375138]	375138	K. Jacobs & M.J. Wingf.	2001	Legitimate
Leptographium truncatum	Leptographium truncatum (M.J. Wingf. & Marasas) M.J. Wingf., Trans. Brit. Mycol. Soc. 85 (1): 92 (1985) [MB#105457]	105457	(M.J. Wingf. & Marasas) M.J. Wingf.	1985	Legitimate
Leptographium trypodendri	Grosmannia trypodendri (Jankow., B. Strzałka & Linnak.) M. Procter & Z.W. de Beer, Stud. Mycol. 101: 92 (2022) [MB#840388]	821669	Jankow., Strzałka & Linnak.	2017	Legitimate
Leptographium valdivianum	Leptographium valdivianum Rulamort, Bull. Soc. Bot. Centre-Ouest 17: 192 (1986) [MB#129243]	129243	Rulamort	1986	Legitimate
Leptographium verrucosum	Leptographium verrucosum (Gebhardt, R. Kirschner & Oberw.) Z.W. de Beer & M.J. Wingf., CBS Biodiversity Series 12: 282 (2013) [MB#801083]	801083	(Gebhardt, R. Kirschner & Oberw.) Z.W. de Beer & M.J. Wingf.	2013	Legitimate
Leptographium vescum	Leptographium vescum (R.W. Davidson) M.L. Yin, Z.W. de Beer & M.J. Wingf., MycoKeys 60: 114 (2019) [MB#831551]	831551	(R.W. Davidson) M.L. Yin, Z.W. de Beer & M.J. Wingf.	2019	Legitimate
Leptographium vulnerum	Leptographium vulnerum Jankow. & Ostaf., Antonie van Leeuwenhoek 111 (12): 2339 (2018) [MB#826760]	826760	Jankow. & Ostaf.	2018	Legitimate
Leptographium wageneri	Leptographium wageneri (W.B. Kendr.) M.J. Wingf., Trans. Brit. Mycol. Soc. 85 (1): 92 (1985) [MB#105458]	105458	(W.B. Kendr.) M.J. Wingf.	1985	Legitimate
Leptographium wageneri var. ponderosum	Leptographium ponderosum (T.C. Harr. & F.W. Cobb) D. Choi, Mee-Sook Kim & T.C. Harr., Frontiers Pl. Sci. 14 (no. 1286157): 8 (2023) [MB#849475]	133361	(T.C. Harr. & F.W. Cobb) T.C. Harr. & F.W. Cobb	1987	Legitimate
Leptographium wageneri var. pseudotsugae	Leptographium pseudotsugae (T.C. Harr. & F.W. Cobb) D. Choi, Mee-Sook Kim & T.C. Harr., Frontiers Pl. Sci. 14 (no. 1286157): 8 (2023) [MB#849460]	133362	T.C. Harr. & F.W. Cobb	1987	Legitimate
Leptographium wageneri var. wageneri	Leptographium wageneri var. wageneri (?) [MB#418941]	418941			Legitimate
Leptographium wingfieldii	Leptographium wingfieldii M. Morelet, Ann. Soc. Sci. Nat. Archéol. Toulon Var 40 (1): 43 (1988) [MB#125425]	125425	M. Morelet	1988	Legitimate
Leptographium wushanense	Leptographium wushanense Y. Pan, J. Lu & H. Ye, Mycoscience 61 (1): 45 (2018) [MB#824135]	824135	Y. Pan, J. Lu & H. Ye	2018	Legitimate
Leptographium xiningense	Leptographium xiningense M.L. Yin, Z.W. de Beer & M.J. Wingf., MycoKeys 60: 115 (2019) [MB#823573]	823573	M.L. Yin, Z.W. de Beer & M.J. Wingf.	2019	Legitimate
Leptographium yadongense	Leptographium yadongense Zheng Wang & Q. Lu, Fungal Diversity 129: 332 (2024) [MB#853395]	853395	Zheng Wang & Q. Lu	2024	Legitimate
Leptographium yamaokae	Leptographium yamaokae T.A. Duong, Z.W. de Beer & M.J. Wingf., Mycologia 104 (3): 725 (2012) [MB#561916]	561916	T.A. Duong, Z.W. de Beer & M.J. Wingf.	2012	Legitimate
Leptographium yichunense	Leptographium yichunense R. Chang, Z.W. de Beer & M.J. Wingf., Persoonia 42: 66 (2018) [MB#825090]	825090	R. Chang, Z.W. de Beer & M.J. Wingf.	2018	Legitimate
Leptographium yunnanense	Leptographium yunnanense X.D. Zhou, K. Jacobs, M.J. Wingf. & M. Morelet, Mycoscience 41 (6): 576 (2000) [MB#466542]	466542	X.D. Zhou, K. Jacobs, M.J. Wingf. & M. Morelet	2000	Legitimate
Leptographium zekuense	Leptographium zekuense Zheng Wang & Q. Lu, Frontier in Microbiology 12 (no. 721395): 10 (2021) [MB#839886]	839886	Zheng Wang & Q. Lu	2021	Legitimate
Leptographium zhangii	Leptographium zhangii X.W. Liu, Q. Lu & X.Y. Zhang, Mycol. Progr. 16 (1): 8 (2016) [MB#811205]	811205	X.W. Liu, Q. Lu & X.Y. Zhang	2016	Legitimate
Melanographium	Melanographium Sacc., Ann. Mycol. 11 (6): 557 (1913) [MB#8891]	8891	Sacc.	1913	Legitimate
Melanographium anceps	Sporostachys anceps Sacc., Atti Accad. Sci. Veneto-Trentino-Istriana 10: 92 (1917) [MB#182555]	184954	(Sacc.) Sacc.	1931	Legitimate
Melanographium calami	Melanographium calami N. Srivast., A.K. Srivast. & Kamal, Mycotaxon 57: 197 (1996) [MB#415074]	415074	N. Srivast., A.K. Srivast. & Kamal	1996	Legitimate
Melanographium citri	Melanographium citri (Gonz. Frag. & Cif.) M.B. Ellis, Mycol. Pap. 93: 21 (1963) [MB#333903]	333903	(Gonz. Frag. & Cif.) M.B. Ellis	1963	Legitimate
Melanographium cookei	Melanographium cookei M.B. Ellis, Mycol. Pap. 93: 19 (1963) [MB#333904]	333904	M.B. Ellis	1963	Legitimate
Melanographium fasciculatum	Cordella fasciculata (S. Hughes) Subram., Proceedings of the Indian National Science Academy: 46 (1962) [MB#328895]	300328	S. Hughes	1958	Legitimate
Melanographium indicum	Melanographium indicum Saikia & A.K. Sarbhoy, Indian Phytopathol. 34: 366 (1981) [MB#110801]	110801	Saikia & A.K. Sarbhoy	1981	Legitimate
Melanographium laxum	Melanographium laxum Rifai, Reinwardtia 10: 99 (1982) [MB#110802]	110802	Rifai	1982	Legitimate
Melanographium maximum	Sporostachys maxima Sacc., Atti Accad. Sci. Veneto-Trentino-Istriana 10: 92 (1917) [MB#282492]	161407	(Sacc.) Sacc.	1931	Legitimate
Melanographium palmicola	Melanographium palmicola Goh & K.D. Hyde, Mycol. Res. 101 (9): 1097 (1997) [MB#437727]	437727	Goh & K.D. Hyde	1997	Legitimate
Melanographium palmicolum	Melanographium palmicola Goh & K.D. Hyde, Mycol. Res. 101 (9): 1097 (1997) [MB#437727]	270116	Goh & K.D. Hyde	1997	Orthographic variant
Melanographium phoenicis	Melanographium phoenicis S.N. Zhang, K.D. Hyde & Jian K. Liu, Fungal Diversity 100: 235 (2020) [MB#557001]	557001	S.N. Zhang, K.D. Hyde & Jian K. Liu	2020	Legitimate
Melanographium proliferum	Melanographium proliferum Somrith. & E.B.G. Jones, Fungal Diversity 19: 139 (2005) [MB#339574]	339574	Somrith. & E.B.G. Jones	2005	Legitimate
Melanographium selenioides	Melanographium selenioides (Sacc. & Paol.) M.B. Ellis, Mycol. Pap. 93: 14 (1963) [MB#333905]	333905	(Sacc. & Paol.) M.B. Ellis	1963	Legitimate
Melanographium sinuosum	Melanographium sinuosum L.A. Costa, G.B.P. Souza, J. Mena, Cantillo & Gusmão, Pl. Fungal Syst. 70 (2): 56 (2025) [MB#859622]	859622	L.A. Costa, G.B.P. Souza, J. Mena, Cantillo & Gusmão	2025	Legitimate
Melanographium smilacis	Melanographium smilacis Boonmee, Huanraluek & K.D. Hyde, Fungal Diversity 111: 217 (2021) [MB#558546]	558546	Boonmee, Huanraluek & K.D. Hyde	2021	Legitimate
Melanographium spinulosum	Melanographium spinulosum (Speg.) S. Hughes, Canad. J. Bot. 36 (6): 783 (1958) [MB#300329]	300329	(Speg.) S. Hughes	1958	Legitimate
Melanographium spleniosporum	Melanographium spleniosporum Sacc., Ann. Mycol. 11 (6): 558 (1913) [MB#162117]	162117	Sacc.	1913	Legitimate
Melanographium thunbergiae	Melanographium thunbergiae P.Rag. Rao, Curr. Sci. 31 (8): 350 (1962) [MB#333906]	333906	P.Rag. Rao	1962	Legitimate
Melanographium trachycarpi	Melanographium trachycarpi I. Hino & Katum., J. Jap. Bot. 37 (10): 298 (1962) [MB#333907]	333907	I. Hino & Katum.	1962	Legitimate
Morrisographium	Morrisographium M. Morelet, Taxon 17 (5): 528 (1968) [MB#8999]	8999	M. Morelet	1968	Legitimate
Morrisographium boudieri	Morrisographium boudieri (Richon) Illman & G.P. White, Canad. J. Bot. 63 (3): 425 (1985) [MB#105536]	105536	(Richon) Illman & G.P. White	1985	Legitimate
Morrisographium fusisporium	Morrisographium fusisporium (A.L. Sm.) Illman & G.P. White, Canad. J. Bot. 63 (3): 426 (1985) [MB#105537]	105537	(A.L. Sm.) Illman & G.P. White	1985	Legitimate
Morrisographium hispidulum	Cornularia hispidula Sacc., Syll. Fung. 3: 599 (1884) [MB#206926]	105538	(Sacc.) Illman & G.P. White	1985	Invalid
Morrisographium kantschavelii	Morrisographium kantschavelii Murvan. & Svanidze, Soobshcheniya Akademii Nauk Gruzinskoi SSR: 573 (1990) [MB#130224]	130224	Murvan. & Svanidze	1990	Legitimate
Morrisographium moreletii	Cornularia hispidula Sacc., Syll. Fung. 3: 599 (1884) [MB#206926]	130250	Rulamort	1990	Legitimate
Morrisographium persicae	Pseudographium persicae (Schwein.) Jacz., Nouv. Mém. Soc. Imp. Naturalistes Moscou 15: 370 (1898) [MB#119353]	107035	(Schwein.) Illman & G.P. White	1984	Legitimate
Morrisographium persicae	Pseudographium persicae (Schwein.) Jacz., Nouv. Mém. Soc. Imp. Naturalistes Moscou 15: 370 (1898) [MB#119353]	130098	(Schwein.) Deighton	1990	Illegitimate
Morrisographium pilosum	Isariopsis pilosa Earle, Bull. Torrey Bot. Club 24: 30 (1897) [MB#176765]	334494	(Earle) M. Morelet	1968	Legitimate
Morrisographium ulmi	Phragmographium ulmi E.F. Morris, Mycopathol. Mycol. Appl. 28 (1-2): 99 (1966) [MB#283211]	105539	(E.F. Morris) Illman & G.P. White	1985	Legitimate
Morrisographium ulmicola	Cornularia ulmicola Ellis & Everh., Proc. Acad. Nat. Sci. Philadelphia 43: 77 (1891) [MB#203138]	105540	(Ellis & Everh.) Illman & G.P. White	1985	Legitimate
Nematographium	Nematographium Goid., Ann. Bot. (Rome) 21 (1): 46 (1935) [MB#9090]	9090	Goid.	1935	Legitimate
Nematographium hippotrichoides	Nematographium hippotrichoides (Lind) Goid., Ann. Bot. (Rome) 21 (1): 46 (1935) [MB#230599]	230599	(Lind) Goid.	1935	Legitimate
Nematographium leucophaeum	Nematographium leucophaeum (Penz. & Sacc.) Goid.: 46 (1935) [MB#567162]	567162	(Penz. & Sacc.) Goid.	1935	Legitimate
Nematographium leucophlaeum	Nematographium leucophlaeum (Sacc.) Goid., Ann. Bot. (Rome) 21 (1): 46 (1935) [MB#231538]	231538	(Sacc.) Goid.	1935	Legitimate
Nematographium saccardoi	Nematographium saccardoi (Peyronel) Goid., Ann. Bot. (Rome) 21 (1): 46 (1935) [MB#217227]	217227	(Peyronel) Goid.	1935	Legitimate
Nematographium stilboideum	Nematographium stilboideum (Corda) Goid., Ann. Bot. (Rome) 21 (1): 46 (1935) [MB#217337]	217337	(Corda) Goid.	1935	Legitimate
Nematographium strictum	Nematographium strictum (Preuss) Goid., Ann. Bot. (Rome) 21 (1): 46 (1935) [MB#217285]	217285	(Preuss) Goid.	1935	Legitimate
Neocamarographium	Neocamarographium Crous, Fungal Syst. Evol. 10: 58 (2022) [MB#844294]	844294	Crous	2022	Legitimate
Neocamarographium carpini	Neocamarographium carpini (Melnik, Crous & Verkley) Crous, Fungal Syst. Evol. 10: 58 (2022) [MB#844295]	844295	(Melnik, Crous & Verkley) Crous	2022	Legitimate
Paracamarographium	Paracamarographium Crous, Fungal Syst. Evol. 10: 67 (2022) [MB#844301]	844301	Crous	2022	Legitimate
Paracamarographium koreanum	Paracamarographium koreanum (Verkley, Melnik & Crous) Crous, Fungal Syst. Evol. 10: 67 (2022) [MB#844302]	844302	(Verkley, Melnik & Crous) Crous	2022	Legitimate
Phialographium	Leptographium Lagerb. & Melin, Svenska Skogsvårdsforen. Tidskr. 25 (2-4): 257 (1927) [MB#8749]	9340	H.P. Upadhyay & W.B. Kendr.	1974	Legitimate
Phialographium deightonii	Stilbocrea aterrima (Welw. & Curr.) Seifert, CBS Biodiversity Series 12: 302 (2013) [MB#801094]	319827	V.G. Rao & B. Sutton	1976	Legitimate
Phialographium erubescens	Leptographium erubescens (Math.-Käärik) M.L. Yin, Z.W. de Beer & M.J. Wingf., MycoKeys 60: 105 (2019) [MB#823577]	467731	(Math.-Käärik) T.C. Harr. & McNew	2001	Legitimate
Phialographium indicum	Gracilistilbella clavulata (Mont.) Seifert, Stud. Mycol. 45: 18 (2000) [MB#464784]	319828	V.G. Rao & B. Sutton	1976	Legitimate
Phialographium sagmatosporae	Leptographium sagmatosporum (E.F. Wright & Cain) M.L. Yin, Z.W. de Beer & M.J. Wingf., MycoKeys 60: 112 (2019) [MB#831550]	319829	H.P. Upadhyay & W.B. Kendr.	1974	Legitimate
Phialographium smaragdinum	Dendrostilbella smaragdina (Alb. & Schwein.) Seifert, Stud. Mycol. 45: 185 (2000) [MB#464795]	123332	(Alb. & Schwein.) M.B. Ellis	1985	Invalid
Phragmographium	Morrisographium M. Morelet, Taxon 17 (5): 528 (1968) [MB#8999]	9370	E.F. Morris	1966	Legitimate
Phragmographium pilosum	Isariopsis pilosa Earle, Bull. Torrey Bot. Club 24: 30 (1897) [MB#176765]	336621	(Earle) E.F. Morris	1968	Legitimate
Phragmographium ulmi	Phragmographium ulmi E.F. Morris, Mycopathol. Mycol. Appl. 28 (1-2): 99 (1966) [MB#283211]	283211	E.F. Morris	1966	Legitimate
Pleurographium	Dactylaria Sacc., Michelia 2 (6): 20 (1880) [MB#7916]	9464	Goid.	1935	Legitimate
Pleurographium desmazieri	Graphium desmazieri Sacc.: tab. 394 (1878) [MB#154350]	195355	(Sacc.) Goid.	1935	Legitimate
Pleurographium necator	Dematophora necatrix R. Hartig, Untersuch. Forstbot. Inst. München 3: 125 (1883) [MB#216282]	195242	(R. Hartig) Goid.	1935	Legitimate
Pleurographium parvispora	Pleurophragmium parvisporum (Preuss) Hol.-Jech., Česká Mykol. 26 (4): 223 (1972) [MB#320708]	453761	(Preuss) Hol.-Jech.		Legitimate
Pleurographium tjibodense	Graphium socium Penz. & Sacc., Malpighia 11: 497 (1898) [MB#181262]	195412	(Sacc. & P. Syd.) Goid.	1935	Legitimate
Pseudographium	Pseudographium Höhn., Sitzungsber. Kaiserl. Akad. Wiss., Wien. Math.-Naturwiss. Cl., Abt. 1 124: 117 (1915) [MB#9583]	9583	Höhn.	1915	Illegitimate
Pseudographium	Sphaerographium Sacc., Syll. Fung. 3: 596 (1884) [MB#9983]	9582	Jacz.	1898	Legitimate
Pseudographium boudieri	Morrisographium boudieri (Richon) Illman & G.P. White, Canad. J. Bot. 63 (3): 425 (1985) [MB#105536]	531618	(Richon) Jacz.	1898	Legitimate
Pseudographium capillare	Sphaeronaema capillare Ellis & Harkn., Bull. Torrey Bot. Club 8 (5): 51 (1881) [MB#210459]	531621	(Ellis & Harkn.) Jacz.	1898	Legitimate
Pseudographium flavoviridis	Stilbella flavoviridis (Fuckel) Höhn., Sitzungsber. Kaiserl. Akad. Wiss., Wien. Math.-Naturwiss. Cl., Abt. 1 117: 1026 (1908) [MB#503770]	531622	(Fuckel) Jacz.	1898	Legitimate
Pseudographium hispidulum	Cornularia hispidula Sacc., Syll. Fung. 3: 599 (1884) [MB#206926]	531620	(Sacc.) Jacz.	1898	Legitimate
Pseudographium macrosporum	Sphaeronaema macrosporum Berk. & M.A. Curtis, Grevillea 2 (24): 178 (1874) [MB#169957]	531619	(Berk. & M.A. Curtis) Jacz.	1898	Legitimate
Pseudographium persicae	Pseudographium persicae (Schwein.) Jacz., Nouv. Mém. Soc. Imp. Naturalistes Moscou 15: 370 (1898) [MB#119353]	119353	(Schwein.) Jacz.	1898	Legitimate
Pseudographium squarrosum	Sphaerographium squarrosum (Riess) Sacc., Syll. Fung. 3: 597 (1884) [MB#227370]	531617	(Riess) Jacz.	1898	Legitimate
Rhexographium	Rhexographium M. Morelet, Ann. Soc. Sci. Nat. Archéol. Toulon Var 47: 90 (1995) [MB#27634]	27634	M. Morelet	1995	Legitimate
Rhexographium fimbriasporum	Graphium fimbriasporum (M. Morelet) K. Jacobs, Kirisits & M.J. Wingf., Mycologia 95 (4): 719 (2003) [MB#488913]	414088	M. Morelet	1995	Legitimate
Sclerographium	Sclerographium Berk., Hooker's J. Bot. Kew Gard. Misc. 6: 209 (1854) [MB#9822]	9822	Berk.	1854	Legitimate
Sclerographium aterrimum	Sclerographium aterrimum Berk., Hooker's J. Bot. Kew Gard. Misc. 6: 209 (1854) [MB#122000]	122000	Berk.	1854	Legitimate
Sclerographium fuligineum	Sclerographium fuligineum I. Hino & Katum., Bull. Fac. Agric. Yamaguchi Univ. 7: 269 (1956) [MB#305574]	305574	I. Hino & Katum.	1956	Legitimate
Sclerographium indicum	Sclerographium indicum N. Srivast., A.K. Srivast. & Kamal, Mycol. Res. 98: 521 (1994) [MB#362099]	362099	N. Srivast., A.K. Srivast. & Kamal	1994	Legitimate
Sclerographium magnum	Kostermansinda magna (Boedijn) Rifai, Reinwardtia 7: 378 (1968) [MB#332755]	338904	Boedijn	1960	Legitimate
Sclerographium nanum	Sclerographium nanum J.N. Kapoor & Munjal, Indian Phytopath.: 352 (1967) [MB#338905]	338905	J.N. Kapoor & Munjal	1967	Legitimate
Sclerographium phyllanthicola	Sclerographium phyllanthicola Deighton, Mycol. Pap. 78: 25 (1960) [MB#338906]	338906	Deighton	1960	Legitimate
Sphaerographium	Sphaerographium Sacc., Syll. Fung. 3: 596 (1884) [MB#9983]	9983	Sacc.	1884	Legitimate
Sphaerographium abditum	Sphaerographium abditum Sacc. & Scalia, Harriman Alaska Expedition 5: 18, tab. 6, fig. 27 (1904) [MB#227145]	227145	Sacc. & Scalia	1904	Legitimate
Sphaerographium anomalum	Sphaerographium anomalum Sousa da Câmara & A.T. Vasconc., Agron. Lusit. 14 (4): 256 (1952) [MB#306190]	306190	Sousa da Câmara & A.T. Vasconc.	1952	Legitimate
Sphaerographium avenaceum	Sphaerographium avenaceum Fairm., Flora of Santa Catalina Island: 331 (1923) [MB#102705]	102705	Fairm.	1923	Legitimate
Sphaerographium caespitosi	Sphaerographium caespitosi Sacc. (1884) [MB#179091]	179091	Sacc.	1884	Legitimate
Sphaerographium capillare	Sphaeronaema capillare Ellis & Harkn., Bull. Torrey Bot. Club 8 (5): 51 (1881) [MB#210459]	231670	(Ellis & Harkn.) Sacc.	1884	Legitimate
Sphaerographium chevalieri	Sphaerophragmium chevalieri Har. & Pat., Bull. Soc. Mycol. France 25: 108 (1909) [MB#147119]	232091	(Har. & Pat.) Sacc. & Traverso	1911	Legitimate
Sphaerographium coluteae	Sphaerographium coluteae Richon, Catalogue raisonné des champignons qui croissent dans le département de la Marne: 390 (1889) [MB#231775]	231775	Richon	1889	Invalid
Sphaerographium coryli	Sphaerographium coryli Richon, Catalogue raisonné des champignons qui croissent dans le département de la Marne: 390 (1889) [MB#215883]	215883	Richon	1889	Legitimate
Sphaerographium dombeyae	Sphaerographium dombeyae Dias & Sousa da Câmara, Agron. Lusit. 14 (2): 119 (1952) [MB#306191]	306191	Dias & Sousa da Câmara	1952	Legitimate
Sphaerographium echinatum	Sphaeronaema echinatum Berk. & M.A. Curtis, Grevillea 2 (18): 84 (1873) [MB#212149]	216124	(Berk. & M.A. Curtis) Sacc.	1884	Legitimate
Sphaerographium fraxini	Corniculariella spina (Berk. & Ravenel) DiCosmo, Canad. J. Bot. 56 (14): 1676 (1978) [MB#311840]	216016	(Peck) Sacc.	1884	Legitimate
Sphaerographium hystricinum	Corniculariella hystricina (Ellis) DiCosmo, Canad. J. Bot. 56 (14): 1672 (1978) [MB#311837]	216161	(Ellis) Sacc.	1884	Legitimate
Sphaerographium hystricinum var. hystricinum	Sphaerographium hystricinum var. hystricinum (?) [MB#416762]	416762			Legitimate
Sphaerographium hystricinum var. viburni	Sphaerographium hystricinum var. viburni Dearn. & House, Bull. New York State Mus. 197: 35 (1918) [MB#102156]	102156	Dearn. & House	1918	Legitimate
Sphaerographium induratum	Sphaerographium induratum Syd., Ann. Mycol. 11 (1): 63 (1913) [MB#215916]	215916	Syd.	1913	Legitimate
Sphaerographium irregulare	Sphaerographium irregulare Arthur & Cummins, Philipp. J. Sci., C 61: 469 (1936) [MB#268165]	268165	Arthur & Cummins	1936	Legitimate
Sphaerographium lantanae	Sphaerographium lantanae Died., Krypt.-Fl. Mark Brandenb. 9 (3): 539 (1914) [MB#216049]	216049	Died.	1914	Legitimate
Sphaerographium lantanoidis	Sphaerographium lantanoidis Peck, Rep. (Annual) New York State Mus. Nat. Hist. 38: 96 (1885) [MB#215979]	215979	Peck	1885	Legitimate
Sphaerographium lignicola	Sphaerographium lignicola Naumov, J. Petrograd Agron. Inst.: 68 (1920) [MB#216193]	216193	Naumov	1920	Legitimate
Sphaerographium lonicerae	Dothiora lonicerae Fuckel, Jahrb. Nassauischen Vereins Naturk. 23-24: 275 (1870) [MB#219564]	215893	(Fuckel) Sacc.	1884	Legitimate
Sphaerographium microperae	Sphaeronaema microperae Cooke, Grevillea 7 (41): 33 (1878) [MB#159213]	216093	(Cooke) Sacc.	1884	Legitimate
Sphaerographium niveum	Sphaerographium niveum Dearn. & House, Bull. New York State Mus. 266: 89 (1925) [MB#253589]	253589	Dearn. & House	1925	Legitimate
Sphaerographium nyssicola	Sphaerographium nyssicola Minnis, Rossman & D.F. Farr, Persoonia 25: 123 (2010) [MB#519095]	519095	Minnis, Rossman & D.F. Farr	2010	Legitimate
Sphaerographium petiolicola	Sphaerographium petiolicola P. Karst., Acta Soc. Fauna Fl. Fenn. 27 (4): 15 (1905) [MB#227070]	227070	P. Karst.	1905	Legitimate
Sphaerographium seriatum	Gelatinosporium betulinum Peck, Rep. (Annual) New York State Mus. Nat. Hist. 25: 84 (1873) [MB#165536]	226909	(Berk. & M.A. Curtis) Sacc.	1884	Legitimate
Sphaerographium squarrosum	Sphaerographium squarrosum (Riess) Sacc., Syll. Fung. 3: 597 (1884) [MB#227370]	227370	(Riess) Sacc.	1884	Legitimate
Sphaerographium stellatum	Dermea stellata (Ellis) Rossman, IMA Fungus 5 (1): 98 (2014) [MB#808803]	226748	(Ellis) Sacc.	1884	Legitimate
Sphaerographium syringae	Sphaerographium syringae Richon, Catalogue raisonné des champignons qui croissent dans le département de la Marne: 390 (1889) [MB#493387]	493387	Richon	1889	Legitimate
Sphaerographium tenuirostrum	Sphaerographium tenuirostrum Verkley, Mycologia 93 (1): 205 (2001) [MB#467743]	467743	Verkley	2001	Legitimate
Sphaerographium vaccinii	Sphaerographium vaccinii Rostr., Bot. Tidsskr. 15: 234 (1886) [MB#626689]	626689	Rostr.	1886	Legitimate
Stromatographium	Stromatographium Höhn., Ergebnisse der Botanischen Expedition der Kaiserlichen Akademie der Wissenschaften nach Süd-Brasilien 1901. II. Band. Thallophyta und Bryophyta. Eumycetes et Myxomycetes: 37 (1907) [MB#10129]	10129	Höhn.	1907	Legitimate
Stromatographium dispergens	Stromatographium dispergens Bat., Bol. Secr. Agric. (Pernambuco) 19: 143 (1952) [MB#306558]	306558	Bat.	1952	Legitimate
Stromatographium dispergentis	Stromatographium dispergentis Bat., Bol. Secr. Agric. (Pernambuco) 19: 143 (1952) [MB#120340]	120340	Bat.	1952	Legitimate
Stromatographium mammiforme	Sarcopodium mammiforme (Chardón) L. Lombard & Crous, Stud. Mycol. 80: 220 (2015) [MB#810182]	306559	Cif.	1954	Legitimate
Stromatographium stromaticum	Stromatographium stromaticum (Berk.) Höhn., Ergebth. Bot. Exp. Sudakras Deut. k. Ak. d. Wiss Wien: 37 (extr.) (1907) [MB#247624]	247624	(Berk.) Höhn.	1907	Legitimate
Ventrographium	Ventrographium H.P. Upadhyay, Cavalc. & A.A. Silva, Mycologia 78 (3): 494 (1986) [MB#11219]	11219	H.P. Upadhyay, Cavalc. & A.A. Silva	1986	Legitimate
Ventrographium nervicola	Ventrographium nervicola H.P. Upadhyay, Cavalc. & A.A. Silva, Mycologia 78 (3): 494 (1986) [MB#130309]	130309	H.P. Upadhyay, Cavalc. & A.A. Silva	1986	Legitimate
Ventrographium nervicolum	Ventrographium nervicola H.P. Upadhyay, Cavalc. & A.A. Silva, Mycologia 78 (3): 494 (1986) [MB#130309]	290237	H.P. Upadhyay, Cavalc. & A.A. Silva	1986	Orthographic variant
Xenoleptographium	Xenoleptographium Marinc., T.A. Duong, Z.W. de Beer & M.J. Wingf., Persoonia 35: 319 (2015) [MB#812683]	812683	Marinc., T.A. Duong, Z.W. de Beer & M.J. Wingf.	2015	Legitimate
Xenoleptographium phialoconidium	Xenoleptographium phialoconidium Marinc., T.A. Duong, Z.W. de Beer & M.J. Wingf., Persoonia 35: 319 (2015) [MB#814898]	814898	Marinc., T.A. Duong, Z.W. de Beer & M.J. Wingf.	2015	Legitimate
